domain,setting_id,dataset,role,label,k,pass_at_k,pass_at_k_percent,pass_at_k_percent_1dp,avg_at_k,avg_at_k_percent,avg_at_k_percent_1dp
Code,qwen3_8b,humaneval_plus,base,Base,1,0.56202362804878048,56.202362804878049,56.2,0.57317073170731703,57.317073170731703,57.3
Code,qwen3_8b,humaneval_plus,base,Base,2,0.60315545610889687,60.315545610889686,60.3,0.56707317073170727,56.707317073170728,56.7
Code,qwen3_8b,humaneval_plus,base,Base,4,0.63607288412114138,63.607288412114137,63.6,0.56554878048780488,56.554878048780488,56.6
Code,qwen3_8b,humaneval_plus,base,Base,8,0.66563764816734494,66.563764816734491,66.6,0.56097560975609762,56.09756097560976,56.1
Code,qwen3_8b,humaneval_plus,base,Base,16,0.69175160434936356,69.175160434936359,69.2,0.56326219512195119,56.326219512195117,56.3
Code,qwen3_8b,humaneval_plus,base,Base,32,0.71118185988059501,71.118185988059508,71.1,0.56192835365853655,56.192835365853654,56.2
Code,qwen3_8b,humaneval_plus,base,Base,64,0.72274202714068103,72.27420271406811,72.3,0.56107088414634143,56.107088414634141,56.1
Code,qwen3_8b,humaneval_plus,base,Base,128,0.72935681351353199,72.935681351353196,72.9,0.56111852134146345,56.111852134146346,56.1
Code,qwen3_8b,humaneval_plus,base,Base,256,0.73394155461527488,73.39415546152749,73.4,0.56126143292682928,56.126143292682926,56.1
Code,qwen3_8b,humaneval_plus,base,Base,512,0.73780487804878048,73.780487804878049,73.8,0.56202362804878048,56.202362804878049,56.2
Code,qwen3_8b,humaneval_plus,opd,OPD,1,0.5889743711890244,58.897437118902438,58.9,0.57926829268292679,57.926829268292678,57.9
Code,qwen3_8b,humaneval_plus,opd,OPD,2,0.63949629679072595,63.949629679072594,63.9,0.57317073170731703,57.317073170731703,57.3
Code,qwen3_8b,humaneval_plus,opd,OPD,4,0.6828362555906452,68.283625559064518,68.3,0.58689024390243905,58.689024390243901,58.7
Code,qwen3_8b,humaneval_plus,opd,OPD,8,0.72084871605833856,72.084871605833854,72.1,0.59070121951219512,59.070121951219512,59.1
Code,qwen3_8b,humaneval_plus,opd,OPD,16,0.75249848136617015,75.249848136617018,75.2,0.59032012195121952,59.032012195121951,59.0
Code,qwen3_8b,humaneval_plus,opd,OPD,32,0.7763642987827688,77.636429878276886,77.6,0.58936737804878048,58.936737804878049,58.9
Code,qwen3_8b,humaneval_plus,opd,OPD,64,0.79234013322519148,79.234013322519147,79.2,0.58917682926829273,58.917682926829272,58.9
Code,qwen3_8b,humaneval_plus,opd,OPD,128,0.80247567116553942,80.247567116553938,80.2,0.58912919207317072,58.912919207317074,58.9
Code,qwen3_8b,humaneval_plus,opd,OPD,256,0.80982723770189635,80.982723770189637,81.0,0.58912919207317072,58.912919207317074,58.9
Code,qwen3_8b,humaneval_plus,opd,OPD,512,0.81707317073170727,81.707317073170728,81.7,0.5889743711890244,58.897437118902438,58.9
Code,qwen3_8b,humaneval_plus,teacher,Teacher,1,0.78256002286585369,78.256002286585371,78.3,0.79268292682926833,79.268292682926827,79.3
Code,qwen3_8b,humaneval_plus,teacher,Teacher,2,0.80041483513615097,80.041483513615091,80.0,0.78658536585365857,78.658536585365852,78.7
Code,qwen3_8b,humaneval_plus,teacher,Teacher,4,0.8128504205287137,81.285042052871376,81.3,0.78658536585365857,78.658536585365852,78.7
Code,qwen3_8b,humaneval_plus,teacher,Teacher,8,0.824074087597372,82.407408759737194,82.4,0.78429878048780488,78.429878048780495,78.4
Code,qwen3_8b,humaneval_plus,teacher,Teacher,16,0.836161084527832,83.616108452783195,83.6,0.78506097560975607,78.506097560975604,78.5
Code,qwen3_8b,humaneval_plus,teacher,Teacher,32,0.84792046968602586,84.792046968602591,84.8,0.78544207317073167,78.544207317073173,78.5
Code,qwen3_8b,humaneval_plus,teacher,Teacher,64,0.85761774051560047,85.761774051560053,85.8,0.78658536585365857,78.658536585365852,78.7
Code,qwen3_8b,humaneval_plus,teacher,Teacher,128,0.86605508762613104,86.605508762613098,86.6,0.78491806402439024,78.491806402439025,78.5
Code,qwen3_8b,humaneval_plus,teacher,Teacher,256,0.87420844041466539,87.420844041466538,87.4,0.78346512957317072,78.346512957317074,78.3
Code,qwen3_8b,humaneval_plus,teacher,Teacher,512,0.87804878048780488,87.804878048780495,87.8,0.78256002286585369,78.256002286585371,78.3
Code,qwen3_8b,livecodebench_v5,base,Base,1,0.26039595170454544,26.039595170454543,26.0,0.27159090909090911,27.15909090909091,27.2
Code,qwen3_8b,livecodebench_v5,base,Base,2,0.2984517604688619,29.845176046886191,29.8,0.26420454545454547,26.420454545454547,26.4
Code,qwen3_8b,livecodebench_v5,base,Base,4,0.33259304536506801,33.259304536506804,33.3,0.26420454545454547,26.420454545454547,26.4
Code,qwen3_8b,livecodebench_v5,base,Base,8,0.36227299983437783,36.227299983437781,36.2,0.26235795454545452,26.235795454545453,26.2
Code,qwen3_8b,livecodebench_v5,base,Base,16,0.38818935289649342,38.818935289649339,38.8,0.26143465909090907,26.143465909090907,26.1
Code,qwen3_8b,livecodebench_v5,base,Base,32,0.41103760985669952,41.10376098566995,41.1,0.26054687500000001,26.0546875,26.1
Code,qwen3_8b,livecodebench_v5,base,Base,64,0.43085538512445321,43.085538512445318,43.1,0.26019176136363636,26.019176136363637,26.0
Code,qwen3_8b,livecodebench_v5,base,Base,128,0.44772727272727275,44.772727272727273,44.8,0.26039595170454544,26.039595170454543,26.0
Code,qwen3_8b,livecodebench_v5,opd,OPD,1,0.27948330965909085,27.948330965909086,27.9,0.2818181818181818,28.18181818181818,28.2
Code,qwen3_8b,livecodebench_v5,opd,OPD,2,0.32721009305654974,32.721009305654974,32.7,0.28295454545454546,28.295454545454547,28.3
Code,qwen3_8b,livecodebench_v5,opd,OPD,4,0.37135441858830143,37.135441858830141,37.1,0.28210227272727273,28.210227272727273,28.2
Code,qwen3_8b,livecodebench_v5,opd,OPD,8,0.41102036056123836,41.102036056123836,41.1,0.27684659090909092,27.684659090909093,27.7
Code,qwen3_8b,livecodebench_v5,opd,OPD,16,0.44750911746070715,44.750911746070713,44.8,0.27784090909090908,27.784090909090907,27.8
Code,qwen3_8b,livecodebench_v5,opd,OPD,32,0.48213457850073826,48.213457850073823,48.2,0.28018465909090912,28.01846590909091,28.0
Code,qwen3_8b,livecodebench_v5,opd,OPD,64,0.51392910308138706,51.39291030813871,51.4,0.28043323863636366,28.043323863636367,28.0
Code,qwen3_8b,livecodebench_v5,opd,OPD,128,0.54090909090909089,54.090909090909086,54.1,0.27948330965909091,27.94833096590909,27.9
Code,qwen3_8b,livecodebench_v5,teacher,Teacher,1,0.4321821732954545,43.218217329545453,43.2,0.42159090909090907,42.159090909090907,42.2
Code,qwen3_8b,livecodebench_v5,teacher,Teacher,2,0.4837777380100215,48.377773801002149,48.4,0.42443181818181819,42.44318181818182,42.4
Code,qwen3_8b,livecodebench_v5,teacher,Teacher,4,0.52869982157770057,52.869982157770053,52.9,0.42755681818181818,42.75568181818182,42.8
Code,qwen3_8b,livecodebench_v5,teacher,Teacher,8,0.56638623745905015,56.638623745905015,56.6,0.42840909090909091,42.840909090909093,42.8
Code,qwen3_8b,livecodebench_v5,teacher,Teacher,16,0.59846267361431016,59.846267361431018,59.8,0.43196022727272726,43.196022727272727,43.2
Code,qwen3_8b,livecodebench_v5,teacher,Teacher,32,0.62580205968717417,62.580205968717415,62.6,0.43270596590909088,43.270596590909086,43.3
Code,qwen3_8b,livecodebench_v5,teacher,Teacher,64,0.64940038491741525,64.940038491741518,64.9,0.43291903409090909,43.291903409090907,43.3
Code,qwen3_8b,livecodebench_v5,teacher,Teacher,128,0.67045454545454541,67.045454545454547,67.0,0.43218217329545455,43.218217329545453,43.2
Code,qwen3_8b,livecodebench_v6,base,qwen3_8b_base,1,0.15549107142857144,15.549107142857144,15.5,0.16,16,16.0
Code,qwen3_8b,livecodebench_v6,base,qwen3_8b_base,2,0.17730455568053993,17.730455568053994,17.7,0.15714285714285714,15.714285714285714,15.7
Code,qwen3_8b,livecodebench_v6,base,qwen3_8b_base,4,0.19638666238148803,19.638666238148801,19.6,0.14714285714285713,14.714285714285714,14.7
Code,qwen3_8b,livecodebench_v6,base,qwen3_8b_base,8,0.21444284039575445,21.444284039575447,21.4,0.14999999999999999,15,15.0
Code,qwen3_8b,livecodebench_v6,base,qwen3_8b_base,16,0.23243392468724805,23.243392468724807,23.2,0.15642857142857142,15.642857142857142,15.6
Code,qwen3_8b,livecodebench_v6,base,qwen3_8b_base,32,0.2511924770671608,25.119247706716081,25.1,0.15553571428571428,15.553571428571427,15.6
Code,qwen3_8b,livecodebench_v6,base,qwen3_8b_base,64,0.27090901079150004,27.090901079150004,27.1,0.15642857142857142,15.642857142857142,15.6
Code,qwen3_8b,livecodebench_v6,base,qwen3_8b_base,128,0.29142857142857143,29.142857142857142,29.1,0.15549107142857144,15.549107142857144,15.5
Code,qwen3_8b,livecodebench_v6,opd,qwen3_8b_opd,1,0.18933035714285715,18.933035714285715,18.9,0.1657142857142857,16.571428571428569,16.6
Code,qwen3_8b,livecodebench_v6,opd,qwen3_8b_opd,2,0.21953951068616423,21.953951068616423,22.0,0.17714285714285713,17.714285714285712,17.7
Code,qwen3_8b,livecodebench_v6,opd,qwen3_8b_opd,4,0.24734306176013712,24.734306176013714,24.7,0.18428571428571427,18.428571428571427,18.4
Code,qwen3_8b,livecodebench_v6,opd,qwen3_8b_opd,8,0.27161084939922675,27.161084939922674,27.2,0.18214285714285713,18.214285714285712,18.2
Code,qwen3_8b,livecodebench_v6,opd,qwen3_8b_opd,16,0.29203843909355937,29.203843909355935,29.2,0.18535714285714286,18.535714285714285,18.5
Code,qwen3_8b,livecodebench_v6,opd,qwen3_8b_opd,32,0.30938970323840836,30.938970323840838,30.9,0.18964285714285714,18.964285714285715,19.0
Code,qwen3_8b,livecodebench_v6,opd,qwen3_8b_opd,64,0.32574254418028403,32.574254418028403,32.6,0.18883928571428571,18.883928571428569,18.9
Code,qwen3_8b,livecodebench_v6,opd,qwen3_8b_opd,128,0.34285714285714286,34.285714285714285,34.3,0.18933035714285715,18.933035714285715,18.9
Code,qwen3_8b,livecodebench_v6,teacher,qwen3_8b_teacher,1,0.25785714285714284,25.785714285714285,25.8,0.23428571428571429,23.428571428571431,23.4
Code,qwen3_8b,livecodebench_v6,teacher,qwen3_8b_teacher,2,0.28560742407199102,28.560742407199101,28.6,0.23714285714285716,23.714285714285715,23.7
Code,qwen3_8b,livecodebench_v6,teacher,qwen3_8b_teacher,4,0.31170266859499707,31.170266859499705,31.2,0.25428571428571428,25.428571428571427,25.4
Code,qwen3_8b,livecodebench_v6,teacher,qwen3_8b_teacher,8,0.33228709801624201,33.228709801624198,33.2,0.25785714285714284,25.785714285714285,25.8
Code,qwen3_8b,livecodebench_v6,teacher,qwen3_8b_teacher,16,0.34785805560923039,34.785805560923038,34.8,0.25607142857142856,25.607142857142858,25.6
Code,qwen3_8b,livecodebench_v6,teacher,qwen3_8b_teacher,32,0.36313825699215968,36.313825699215968,36.3,0.2594642857142857,25.946428571428569,25.9
Code,qwen3_8b,livecodebench_v6,teacher,qwen3_8b_teacher,64,0.37999857027540818,37.99985702754082,38.0,0.2586607142857143,25.866071428571431,25.9
Code,qwen3_8b,livecodebench_v6,teacher,qwen3_8b_teacher,128,0.39428571428571429,39.428571428571431,39.4,0.25785714285714284,25.785714285714285,25.8
Code,qwen3_8b,mbpp_plus,base,Base,1,0.48575975529100529,48.575975529100532,48.6,0.50793650793650791,50.793650793650791,50.8
Code,qwen3_8b,mbpp_plus,base,Base,2,0.51360703980031885,51.360703980031886,51.4,0.49470899470899471,49.470899470899468,49.5
Code,qwen3_8b,mbpp_plus,base,Base,4,0.53521901969036101,53.521901969036101,53.5,0.48875661375661378,48.87566137566138,48.9
Code,qwen3_8b,mbpp_plus,base,Base,8,0.55348351259194195,55.348351259194196,55.3,0.48710317460317459,48.710317460317462,48.7
Code,qwen3_8b,mbpp_plus,base,Base,16,0.56906090821465705,56.906090821465703,56.9,0.4869378306878307,48.69378306878307,48.7
Code,qwen3_8b,mbpp_plus,base,Base,32,0.58130746075560047,58.130746075560047,58.1,0.48578042328042326,48.578042328042329,48.6
Code,qwen3_8b,mbpp_plus,base,Base,64,0.59069170409057303,59.069170409057307,59.1,0.48569775132275134,48.569775132275133,48.6
Code,qwen3_8b,mbpp_plus,base,Base,128,0.59856114143663863,59.856114143663866,59.9,0.48662781084656087,48.662781084656089,48.7
Code,qwen3_8b,mbpp_plus,base,Base,256,0.60584329890407751,60.584329890407751,60.6,0.48582175925925924,48.582175925925924,48.6
Code,qwen3_8b,mbpp_plus,base,Base,512,0.61375661375661372,61.375661375661373,61.4,0.48575975529100529,48.575975529100532,48.6
Code,qwen3_8b,mbpp_plus,opd,OPD,1,0.49612991898148145,49.612991898148145,49.6,0.50264550264550267,50.264550264550266,50.3
Code,qwen3_8b,mbpp_plus,opd,OPD,2,0.53548192250644555,53.548192250644554,53.5,0.49735449735449733,49.735449735449734,49.7
Code,qwen3_8b,mbpp_plus,opd,OPD,4,0.5658353294842845,56.583532948428449,56.6,0.49933862433862436,49.933862433862437,49.9
Code,qwen3_8b,mbpp_plus,opd,OPD,8,0.58929198991146947,58.929198991146947,58.9,0.49900793650793651,49.900793650793652,49.9
Code,qwen3_8b,mbpp_plus,opd,OPD,16,0.61050833000761551,61.05083300076155,61.1,0.5,50,50.0
Code,qwen3_8b,mbpp_plus,opd,OPD,32,0.62919781886932813,62.91978188693281,62.9,0.49867724867724866,49.867724867724867,49.9
Code,qwen3_8b,mbpp_plus,opd,OPD,64,0.64410302102918959,64.410302102918962,64.4,0.49632109788359791,49.632109788359791,49.6
Code,qwen3_8b,mbpp_plus,opd,OPD,128,0.65663411857835308,65.663411857835314,65.7,0.49601107804232802,49.601107804232804,49.6
Code,qwen3_8b,mbpp_plus,opd,OPD,256,0.66850234179147849,66.850234179147847,66.9,0.49662078373015872,49.662078373015873,49.7
Code,qwen3_8b,mbpp_plus,opd,OPD,512,0.67989417989417988,67.989417989417987,68.0,0.49612991898148145,49.612991898148145,49.6
Code,qwen3_8b,mbpp_plus,teacher,Teacher,1,0.68031787367724872,68.031787367724874,68.0,0.67724867724867721,67.724867724867721,67.7
Code,qwen3_8b,mbpp_plus,teacher,Teacher,2,0.69687297364722145,69.687297364722141,69.7,0.67592592592592593,67.592592592592595,67.6
Code,qwen3_8b,mbpp_plus,teacher,Teacher,4,0.71181675009158396,71.181675009158397,71.2,0.67592592592592593,67.592592592592595,67.6
Code,qwen3_8b,mbpp_plus,teacher,Teacher,8,0.72592257488867906,72.592257488867901,72.6,0.6782407407407407,67.824074074074076,67.8
Code,qwen3_8b,mbpp_plus,teacher,Teacher,16,0.73826448683061274,73.826448683061273,73.8,0.6789021164021164,67.890211640211646,67.9
Code,qwen3_8b,mbpp_plus,teacher,Teacher,32,0.74718332129876464,74.718332129876458,74.7,0.6804728835978836,68.047288359788354,68.0
Code,qwen3_8b,mbpp_plus,teacher,Teacher,64,0.75262335960866766,75.262335960866764,75.3,0.67910879629629628,67.910879629629633,67.9
Code,qwen3_8b,mbpp_plus,teacher,Teacher,128,0.75571322642999339,75.571322642999334,75.6,0.67894345238095233,67.894345238095227,67.9
Code,qwen3_8b,mbpp_plus,teacher,Teacher,256,0.75789875548329178,75.789875548329178,75.8,0.67980117394179895,67.980117394179899,68.0
Code,qwen3_8b,mbpp_plus,teacher,Teacher,512,0.7592592592592593,75.925925925925924,75.9,0.68031787367724872,68.031787367724874,68.0
Code,rlcode,humaneval_plus,base,Base: Qwen3-1.7B,1,0.56202362804878048,56.202362804878049,56.2,0.57317073170731703,57.317073170731703,57.3
Code,rlcode,humaneval_plus,base,Base: Qwen3-1.7B,2,0.60315545610889687,60.315545610889686,60.3,0.56707317073170727,56.707317073170728,56.7
Code,rlcode,humaneval_plus,base,Base: Qwen3-1.7B,4,0.63607288412114138,63.607288412114137,63.6,0.56554878048780488,56.554878048780488,56.6
Code,rlcode,humaneval_plus,base,Base: Qwen3-1.7B,8,0.66563764816734494,66.563764816734491,66.6,0.56097560975609762,56.09756097560976,56.1
Code,rlcode,humaneval_plus,base,Base: Qwen3-1.7B,16,0.69175160434936356,69.175160434936359,69.2,0.56326219512195119,56.326219512195117,56.3
Code,rlcode,humaneval_plus,base,Base: Qwen3-1.7B,32,0.71118185988059501,71.118185988059508,71.1,0.56192835365853655,56.192835365853654,56.2
Code,rlcode,humaneval_plus,base,Base: Qwen3-1.7B,64,0.72274202714068103,72.27420271406811,72.3,0.56107088414634143,56.107088414634141,56.1
Code,rlcode,humaneval_plus,base,Base: Qwen3-1.7B,128,0.72935681351353199,72.935681351353196,72.9,0.56111852134146345,56.111852134146346,56.1
Code,rlcode,humaneval_plus,base,Base: Qwen3-1.7B,256,0.73394155461527488,73.39415546152749,73.4,0.56126143292682928,56.126143292682926,56.1
Code,rlcode,humaneval_plus,base,Base: Qwen3-1.7B,512,0.73780487804878048,73.780487804878049,73.8,0.56202362804878048,56.202362804878049,56.2
Code,rlcode,humaneval_plus,opd,OPD: Qwen3-1.7B(Qwen3-4B-Non-Thinking-RL-Code-Step300),1,0.61998618521341453,61.998618521341456,62.0,0.63414634146341464,63.414634146341463,63.4
Code,rlcode,humaneval_plus,opd,OPD: Qwen3-1.7B(Qwen3-4B-Non-Thinking-RL-Code-Step300),2,0.70472625299806679,70.47262529980668,70.5,0.6402439024390244,64.024390243902445,64.0
Code,rlcode,humaneval_plus,opd,OPD: Qwen3-1.7B(Qwen3-4B-Non-Thinking-RL-Code-Step300),4,0.77300055144030166,77.300055144030168,77.3,0.62195121951219512,62.195121951219512,62.2
Code,rlcode,humaneval_plus,opd,OPD: Qwen3-1.7B(Qwen3-4B-Non-Thinking-RL-Code-Step300),8,0.82529210899083572,82.529210899083566,82.5,0.62271341463414631,62.271341463414629,62.3
Code,rlcode,humaneval_plus,opd,OPD: Qwen3-1.7B(Qwen3-4B-Non-Thinking-RL-Code-Step300),16,0.86059141851747623,86.059141851747626,86.1,0.61814024390243905,61.814024390243901,61.8
Code,rlcode,humaneval_plus,opd,OPD: Qwen3-1.7B(Qwen3-4B-Non-Thinking-RL-Code-Step300),32,0.88352645030139143,88.352645030139144,88.4,0.62118902439024393,62.118902439024396,62.1
Code,rlcode,humaneval_plus,opd,OPD: Qwen3-1.7B(Qwen3-4B-Non-Thinking-RL-Code-Step300),64,0.89876012414066975,89.876012414066977,89.9,0.62338033536585369,62.338033536585371,62.3
Code,rlcode,humaneval_plus,opd,OPD: Qwen3-1.7B(Qwen3-4B-Non-Thinking-RL-Code-Step300),128,0.90858764175759077,90.858764175759077,90.9,0.62257050304878048,62.257050304878049,62.3
Code,rlcode,humaneval_plus,opd,OPD: Qwen3-1.7B(Qwen3-4B-Non-Thinking-RL-Code-Step300),256,0.91607528401806759,91.607528401806761,91.6,0.62157012195121952,62.157012195121951,62.2
Code,rlcode,humaneval_plus,opd,OPD: Qwen3-1.7B(Qwen3-4B-Non-Thinking-RL-Code-Step300),512,0.92073170731707321,92.073170731707322,92.1,0.61998618521341464,61.998618521341463,62.0
Code,rlcode,humaneval_plus,teacher,Teacher: Qwen3-4B-Non-Thinking-RL-Code-Step300,1,0.79599371189024393,79.599371189024396,79.6,0.78658536585365857,78.658536585365852,78.7
Code,rlcode,humaneval_plus,teacher,Teacher: Qwen3-4B-Non-Thinking-RL-Code-Step300,2,0.8267896203492674,82.678962034926741,82.7,0.78048780487804881,78.048780487804876,78.0
Code,rlcode,humaneval_plus,teacher,Teacher: Qwen3-4B-Non-Thinking-RL-Code-Step300,4,0.85126620155972377,85.126620155972375,85.1,0.78353658536585369,78.353658536585371,78.4
Code,rlcode,humaneval_plus,teacher,Teacher: Qwen3-4B-Non-Thinking-RL-Code-Step300,8,0.87175563887492269,87.175563887492274,87.2,0.78810975609756095,78.810975609756099,78.8
Code,rlcode,humaneval_plus,teacher,Teacher: Qwen3-4B-Non-Thinking-RL-Code-Step300,16,0.88857093330147763,88.857093330147762,88.9,0.78849085365853655,78.849085365853654,78.8
Code,rlcode,humaneval_plus,teacher,Teacher: Qwen3-4B-Non-Thinking-RL-Code-Step300,32,0.90065771683986884,90.065771683986881,90.1,0.79230182926829273,79.230182926829272,79.2
Code,rlcode,humaneval_plus,teacher,Teacher: Qwen3-4B-Non-Thinking-RL-Code-Step300,64,0.90922051473766197,90.922051473766203,90.9,0.79268292682926833,79.268292682926827,79.3
Code,rlcode,humaneval_plus,teacher,Teacher: Qwen3-4B-Non-Thinking-RL-Code-Step300,128,0.9159509288528227,91.59509288528227,91.6,0.79573170731707321,79.573170731707322,79.6
Code,rlcode,humaneval_plus,teacher,Teacher: Qwen3-4B-Non-Thinking-RL-Code-Step300,256,0.92007030865066963,92.007030865066966,92.0,0.79639862804878048,79.639862804878049,79.6
Code,rlcode,humaneval_plus,teacher,Teacher: Qwen3-4B-Non-Thinking-RL-Code-Step300,512,0.92073170731707321,92.073170731707322,92.1,0.79599371189024393,79.599371189024396,79.6
Code,rlcode,livecodebench_v5,base,Base: Qwen3-1.7B,1,0.26039595170454544,26.039595170454543,26.0,0.27159090909090911,27.15909090909091,27.2
Code,rlcode,livecodebench_v5,base,Base: Qwen3-1.7B,2,0.2984517604688619,29.845176046886191,29.8,0.26420454545454547,26.420454545454547,26.4
Code,rlcode,livecodebench_v5,base,Base: Qwen3-1.7B,4,0.33259304536506801,33.259304536506804,33.3,0.26420454545454547,26.420454545454547,26.4
Code,rlcode,livecodebench_v5,base,Base: Qwen3-1.7B,8,0.36227299983437783,36.227299983437781,36.2,0.26235795454545452,26.235795454545453,26.2
Code,rlcode,livecodebench_v5,base,Base: Qwen3-1.7B,16,0.38818935289649342,38.818935289649339,38.8,0.26143465909090907,26.143465909090907,26.1
Code,rlcode,livecodebench_v5,base,Base: Qwen3-1.7B,32,0.41103760985669952,41.10376098566995,41.1,0.26054687500000001,26.0546875,26.1
Code,rlcode,livecodebench_v5,base,Base: Qwen3-1.7B,64,0.43085538512445321,43.085538512445318,43.1,0.26019176136363636,26.019176136363637,26.0
Code,rlcode,livecodebench_v5,base,Base: Qwen3-1.7B,128,0.44772727272727275,44.772727272727273,44.8,0.26039595170454544,26.039595170454543,26.0
Code,rlcode,livecodebench_v5,opd,OPD: Qwen3-1.7B(Qwen3-4B-Non-Thinking-RL-Code-Step300),1,0.36116832386363629,36.116832386363626,36.1,0.35227272727272729,35.227272727272727,35.2
Code,rlcode,livecodebench_v5,opd,OPD: Qwen3-1.7B(Qwen3-4B-Non-Thinking-RL-Code-Step300),2,0.43877057981388695,43.877057981388695,43.9,0.35454545454545455,35.454545454545453,35.5
Code,rlcode,livecodebench_v5,opd,OPD: Qwen3-1.7B(Qwen3-4B-Non-Thinking-RL-Code-Step300),4,0.50420307067440429,50.420307067440426,50.4,0.35738636363636361,35.73863636363636,35.7
Code,rlcode,livecodebench_v5,opd,OPD: Qwen3-1.7B(Qwen3-4B-Non-Thinking-RL-Code-Step300),8,0.55604584732086615,55.604584732086614,55.6,0.35610795454545452,35.610795454545453,35.6
Code,rlcode,livecodebench_v5,opd,OPD: Qwen3-1.7B(Qwen3-4B-Non-Thinking-RL-Code-Step300),16,0.59614655574839037,59.614655574839034,59.6,0.35852272727272727,35.852272727272727,35.9
Code,rlcode,livecodebench_v5,opd,OPD: Qwen3-1.7B(Qwen3-4B-Non-Thinking-RL-Code-Step300),32,0.62965289468507779,62.965289468507777,63.0,0.36065340909090909,36.065340909090907,36.1
Code,rlcode,livecodebench_v5,opd,OPD: Qwen3-1.7B(Qwen3-4B-Non-Thinking-RL-Code-Step300),64,0.65804661368231399,65.804661368231393,65.8,0.36166548295454548,36.166548295454547,36.2
Code,rlcode,livecodebench_v5,opd,OPD: Qwen3-1.7B(Qwen3-4B-Non-Thinking-RL-Code-Step300),128,0.68068181818181817,68.068181818181813,68.1,0.36116832386363634,36.116832386363633,36.1
Code,rlcode,livecodebench_v5,teacher,Teacher: Qwen3-4B-Non-Thinking-RL-Code-Step300,1,0.53349609374999996,53.349609374999993,53.3,0.54090909090909089,54.090909090909086,54.1
Code,rlcode,livecodebench_v5,teacher,Teacher: Qwen3-4B-Non-Thinking-RL-Code-Step300,2,0.61471414750357911,61.471414750357908,61.5,0.5420454545454545,54.204545454545453,54.2
Code,rlcode,livecodebench_v5,teacher,Teacher: Qwen3-4B-Non-Thinking-RL-Code-Step300,4,0.67565007978406111,67.565007978406115,67.6,0.54715909090909087,54.715909090909086,54.7
Code,rlcode,livecodebench_v5,teacher,Teacher: Qwen3-4B-Non-Thinking-RL-Code-Step300,8,0.71757642727261772,71.757642727261768,71.8,0.5401988636363636,54.01988636363636,54.0
Code,rlcode,livecodebench_v5,teacher,Teacher: Qwen3-4B-Non-Thinking-RL-Code-Step300,16,0.74656020287331637,74.656020287331643,74.7,0.53615056818181817,53.615056818181813,53.6
Code,rlcode,livecodebench_v5,teacher,Teacher: Qwen3-4B-Non-Thinking-RL-Code-Step300,32,0.76821718856897581,76.821718856897576,76.8,0.53558238636363631,53.558238636363633,53.6
Code,rlcode,livecodebench_v5,teacher,Teacher: Qwen3-4B-Non-Thinking-RL-Code-Step300,64,0.78581571216165724,78.581571216165727,78.6,0.53366477272727275,53.366477272727273,53.4
Code,rlcode,livecodebench_v5,teacher,Teacher: Qwen3-4B-Non-Thinking-RL-Code-Step300,128,0.80113636363636365,80.11363636363636,80.1,0.53349609374999996,53.349609374999993,53.3
Code,rlcode,livecodebench_v6,base,rlcode_base,1,0.15549107142857144,15.549107142857144,15.5,0.16,16,16.0
Code,rlcode,livecodebench_v6,base,rlcode_base,2,0.17730455568053993,17.730455568053994,17.7,0.15714285714285714,15.714285714285714,15.7
Code,rlcode,livecodebench_v6,base,rlcode_base,4,0.19638666238148803,19.638666238148801,19.6,0.14714285714285713,14.714285714285714,14.7
Code,rlcode,livecodebench_v6,base,rlcode_base,8,0.21444284039575445,21.444284039575447,21.4,0.14999999999999999,15,15.0
Code,rlcode,livecodebench_v6,base,rlcode_base,16,0.23243392468724805,23.243392468724807,23.2,0.15642857142857142,15.642857142857142,15.6
Code,rlcode,livecodebench_v6,base,rlcode_base,32,0.2511924770671608,25.119247706716081,25.1,0.15553571428571428,15.553571428571427,15.6
Code,rlcode,livecodebench_v6,base,rlcode_base,64,0.27090901079150004,27.090901079150004,27.1,0.15642857142857142,15.642857142857142,15.6
Code,rlcode,livecodebench_v6,base,rlcode_base,128,0.29142857142857143,29.142857142857142,29.1,0.15549107142857144,15.549107142857144,15.5
Code,rlcode,livecodebench_v6,opd,rlcode_opd,1,0.21651785714285715,21.651785714285715,21.7,0.21714285714285714,21.714285714285715,21.7
Code,rlcode,livecodebench_v6,opd,rlcode_opd,2,0.26023129921259841,26.023129921259841,26.0,0.20000000000000001,20,20.0
Code,rlcode,livecodebench_v6,opd,rlcode_opd,4,0.29985460549574161,29.98546054957416,30.0,0.20000000000000001,20,20.0
Code,rlcode,livecodebench_v6,opd,rlcode_opd,8,0.33248142431336153,33.248142431336156,33.2,0.20857142857142857,20.857142857142858,20.9
Code,rlcode,livecodebench_v6,opd,rlcode_opd,16,0.35539153707727916,35.53915370772792,35.5,0.21357142857142858,21.357142857142858,21.4
Code,rlcode,livecodebench_v6,opd,rlcode_opd,32,0.37163179593448825,37.163179593448824,37.2,0.21535714285714286,21.535714285714285,21.5
Code,rlcode,livecodebench_v6,opd,rlcode_opd,64,0.38576160943707771,38.576160943707769,38.6,0.21526785714285715,21.526785714285715,21.5
Code,rlcode,livecodebench_v6,opd,rlcode_opd,128,0.40000000000000002,40,40.0,0.21651785714285715,21.651785714285715,21.7
Code,rlcode,livecodebench_v6,teacher,rlcode_teacher,1,0.32147321428571429,32.147321428571431,32.1,0.33142857142857141,33.142857142857139,33.1
Code,rlcode,livecodebench_v6,teacher,rlcode_teacher,2,0.36484322272215974,36.484322272215977,36.5,0.32000000000000001,32,32.0
Code,rlcode,livecodebench_v6,teacher,rlcode_teacher,4,0.39656736140125343,39.656736140125339,39.7,0.32285714285714284,32.285714285714285,32.3
Code,rlcode,livecodebench_v6,teacher,rlcode_teacher,8,0.42147011555877439,42.147011555877441,42.1,0.32214285714285712,32.214285714285715,32.2
Code,rlcode,livecodebench_v6,teacher,rlcode_teacher,16,0.44450672048389545,44.450672048389542,44.5,0.31392857142857145,31.392857142857146,31.4
Code,rlcode,livecodebench_v6,teacher,rlcode_teacher,32,0.46677885167183703,46.677885167183703,46.7,0.32214285714285712,32.214285714285715,32.2
Code,rlcode,livecodebench_v6,teacher,rlcode_teacher,64,0.48835020000168045,48.835020000168043,48.8,0.32303571428571426,32.303571428571423,32.3
Code,rlcode,livecodebench_v6,teacher,rlcode_teacher,128,0.50857142857142856,50.857142857142854,50.9,0.32147321428571429,32.147321428571431,32.1
Code,rlcode,mbpp_plus,base,Base: Qwen3-1.7B,1,0.48575975529100529,48.575975529100532,48.6,0.50793650793650791,50.793650793650791,50.8
Code,rlcode,mbpp_plus,base,Base: Qwen3-1.7B,2,0.51360703980031885,51.360703980031886,51.4,0.49470899470899471,49.470899470899468,49.5
Code,rlcode,mbpp_plus,base,Base: Qwen3-1.7B,4,0.53521901969036101,53.521901969036101,53.5,0.48875661375661378,48.87566137566138,48.9
Code,rlcode,mbpp_plus,base,Base: Qwen3-1.7B,8,0.55348351259194195,55.348351259194196,55.3,0.48710317460317459,48.710317460317462,48.7
Code,rlcode,mbpp_plus,base,Base: Qwen3-1.7B,16,0.56906090821465705,56.906090821465703,56.9,0.4869378306878307,48.69378306878307,48.7
Code,rlcode,mbpp_plus,base,Base: Qwen3-1.7B,32,0.58130746075560047,58.130746075560047,58.1,0.48578042328042326,48.578042328042329,48.6
Code,rlcode,mbpp_plus,base,Base: Qwen3-1.7B,64,0.59069170409057303,59.069170409057307,59.1,0.48569775132275134,48.569775132275133,48.6
Code,rlcode,mbpp_plus,base,Base: Qwen3-1.7B,128,0.59856114143663863,59.856114143663866,59.9,0.48662781084656087,48.662781084656089,48.7
Code,rlcode,mbpp_plus,base,Base: Qwen3-1.7B,256,0.60584329890407751,60.584329890407751,60.6,0.48582175925925924,48.582175925925924,48.6
Code,rlcode,mbpp_plus,base,Base: Qwen3-1.7B,512,0.61375661375661372,61.375661375661373,61.4,0.48575975529100529,48.575975529100532,48.6
Code,rlcode,mbpp_plus,opd,OPD: Qwen3-1.7B(Qwen3-4B-Non-Thinking-RL-Code-Step300),1,0.50836536871693117,50.836536871693113,50.8,0.51322751322751325,51.322751322751323,51.3
Code,rlcode,mbpp_plus,opd,OPD: Qwen3-1.7B(Qwen3-4B-Non-Thinking-RL-Code-Step300),2,0.56452908289457326,56.452908289457326,56.5,0.51455026455026454,51.455026455026456,51.5
Code,rlcode,mbpp_plus,opd,OPD: Qwen3-1.7B(Qwen3-4B-Non-Thinking-RL-Code-Step300),4,0.61172416322231271,61.172416322231271,61.2,0.51058201058201058,51.058201058201057,51.1
Code,rlcode,mbpp_plus,opd,OPD: Qwen3-1.7B(Qwen3-4B-Non-Thinking-RL-Code-Step300),8,0.65114671262012813,65.11467126201282,65.1,0.51058201058201058,51.058201058201057,51.1
Code,rlcode,mbpp_plus,opd,OPD: Qwen3-1.7B(Qwen3-4B-Non-Thinking-RL-Code-Step300),16,0.68360367621893792,68.360367621893786,68.4,0.51207010582010581,51.207010582010582,51.2
Code,rlcode,mbpp_plus,opd,OPD: Qwen3-1.7B(Qwen3-4B-Non-Thinking-RL-Code-Step300),32,0.7125843082067026,71.258430820670256,71.3,0.51066468253968256,51.066468253968253,51.1
Code,rlcode,mbpp_plus,opd,OPD: Qwen3-1.7B(Qwen3-4B-Non-Thinking-RL-Code-Step300),64,0.73989488784872592,73.989488784872592,74.0,0.5089285714285714,50.892857142857139,50.9
Code,rlcode,mbpp_plus,opd,OPD: Qwen3-1.7B(Qwen3-4B-Non-Thinking-RL-Code-Step300),128,0.76524361551602194,76.524361551602198,76.5,0.50816385582010581,50.816385582010582,50.8
Code,rlcode,mbpp_plus,opd,OPD: Qwen3-1.7B(Qwen3-4B-Non-Thinking-RL-Code-Step300),256,0.78608221806333678,78.608221806333674,78.6,0.50761615410052907,50.761615410052904,50.8
Code,rlcode,mbpp_plus,opd,OPD: Qwen3-1.7B(Qwen3-4B-Non-Thinking-RL-Code-Step300),512,0.80158730158730163,80.158730158730165,80.2,0.50836536871693117,50.836536871693113,50.8
Code,rlcode,mbpp_plus,teacher,Teacher: Qwen3-4B-Non-Thinking-RL-Code-Step300,1,0.65453972387566139,65.453972387566139,65.5,0.66402116402116407,66.402116402116405,66.4
Code,rlcode,mbpp_plus,teacher,Teacher: Qwen3-4B-Non-Thinking-RL-Code-Step300,2,0.68512587088678689,68.512587088678686,68.5,0.66005291005291,66.005291005290999,66.0
Code,rlcode,mbpp_plus,teacher,Teacher: Qwen3-4B-Non-Thinking-RL-Code-Step300,4,0.70907313360322732,70.907313360322732,70.9,0.65806878306878303,65.806878306878303,65.8
Code,rlcode,mbpp_plus,teacher,Teacher: Qwen3-4B-Non-Thinking-RL-Code-Step300,8,0.72747021651259447,72.747021651259445,72.7,0.65773809523809523,65.773809523809518,65.8
Code,rlcode,mbpp_plus,teacher,Teacher: Qwen3-4B-Non-Thinking-RL-Code-Step300,16,0.7420248981877291,74.202489818772904,74.2,0.65410052910052907,65.410052910052912,65.4
Code,rlcode,mbpp_plus,teacher,Teacher: Qwen3-4B-Non-Thinking-RL-Code-Step300,32,0.75292637824444253,75.292637824444256,75.3,0.654348544973545,65.434854497354493,65.4
Code,rlcode,mbpp_plus,teacher,Teacher: Qwen3-4B-Non-Thinking-RL-Code-Step300,64,0.76009105495750506,76.009105495750504,76.0,0.65509259259259256,65.509259259259252,65.5
Code,rlcode,mbpp_plus,teacher,Teacher: Qwen3-4B-Non-Thinking-RL-Code-Step300,128,0.76515082998477024,76.515082998477027,76.5,0.65430720899470896,65.430720899470899,65.4
Code,rlcode,mbpp_plus,teacher,Teacher: Qwen3-4B-Non-Thinking-RL-Code-Step300,256,0.77016669759741674,77.016669759741674,77.0,0.65357349537037035,65.357349537037038,65.4
Code,rlcode,mbpp_plus,teacher,Teacher: Qwen3-4B-Non-Thinking-RL-Code-Step300,512,0.77513227513227512,77.513227513227505,77.5,0.65453972387566139,65.453972387566139,65.5
Fact,binary_rar,2wikimultihopqa,base,Base,1,0.030478515625000001,3.0478515625,3.0,0.014999999999999999,1.5,1.5
Fact,binary_rar,2wikimultihopqa,base,Base,2,0.043734525827834804,4.3734525827834805,4.4,0.02,2,2.0
Fact,binary_rar,2wikimultihopqa,base,Base,4,0.058562470843316644,5.8562470843316641,5.9,0.025000000000000001,2.5,2.5
Fact,binary_rar,2wikimultihopqa,base,Base,8,0.073409453425084412,7.3409453425084408,7.3,0.028750000000000001,2.875,2.9
Fact,binary_rar,2wikimultihopqa,base,Base,16,0.087182316705023924,8.7182316705023926,8.7,0.0309375,3.09375,3.1
Fact,binary_rar,2wikimultihopqa,base,Base,32,0.099994467014948227,9.9994467014948221,10.0,0.029062500000000002,2.90625,2.9
Fact,binary_rar,2wikimultihopqa,base,Base,64,0.11208378754479495,11.208378754479495,11.2,0.029062500000000002,2.90625,2.9
Fact,binary_rar,2wikimultihopqa,base,Base,128,0.12292616858564477,12.292616858564477,12.3,0.029765625,2.9765625,3.0
Fact,binary_rar,2wikimultihopqa,base,Base,256,0.133497370157143,13.3497370157143,13.3,0.029902343750000001,2.990234375,3.0
Fact,binary_rar,2wikimultihopqa,base,Base,512,0.14525997405144614,14.525997405144613,14.5,0.030341796875,3.0341796875,3.0
Fact,binary_rar,2wikimultihopqa,base,Base,1024,0.16,16,16.0,0.030478515625000001,3.0478515625,3.0
Fact,binary_rar,2wikimultihopqa,opd,OPD-RAR(step2650),1,0.044052734374999999,4.4052734375,4.4,0.035000000000000003,3.5000000000000004,3.5
Fact,binary_rar,2wikimultihopqa,opd,OPD-RAR(step2650),2,0.061312994486192568,6.1312994486192567,6.1,0.037499999999999999,3.75,3.8
Fact,binary_rar,2wikimultihopqa,opd,OPD-RAR(step2650),4,0.079379338084697867,7.9379338084697864,7.9,0.042500000000000003,4.25,4.2
Fact,binary_rar,2wikimultihopqa,opd,OPD-RAR(step2650),8,0.098811556154773203,9.8811556154773204,9.9,0.044374999999999998,4.4375,4.4
Fact,binary_rar,2wikimultihopqa,opd,OPD-RAR(step2650),16,0.11901068365286653,11.901068365286653,11.9,0.044062499999999998,4.40625,4.4
Fact,binary_rar,2wikimultihopqa,opd,OPD-RAR(step2650),32,0.1397296228703423,13.97296228703423,14.0,0.042812500000000003,4.28125,4.3
Fact,binary_rar,2wikimultihopqa,opd,OPD-RAR(step2650),64,0.16277385596399102,16.277385596399103,16.3,0.04265625,4.265625,4.3
Fact,binary_rar,2wikimultihopqa,opd,OPD-RAR(step2650),128,0.1887517977443936,18.87517977443936,18.9,0.044609375,4.4609375,4.5
Fact,binary_rar,2wikimultihopqa,opd,OPD-RAR(step2650),256,0.21635449741844137,21.635449741844138,21.6,0.044374999999999998,4.4375,4.4
Fact,binary_rar,2wikimultihopqa,opd,OPD-RAR(step2650),512,0.24466160024641648,24.466160024641649,24.5,0.044052734374999999,4.4052734375,4.4
Fact,binary_rar,2wikimultihopqa,opd,OPD-RAR(step2650),1024,0.27000000000000002,27,27.0,0.044052734374999999,4.4052734375,4.4
Fact,binary_rar,2wikimultihopqa,teacher,Teacher: Qwen3-8B-GRPO-Binary-RAR,1,0.050478515624999998,5.0478515625,5.0,0.050000000000000003,5,5.0
Fact,binary_rar,2wikimultihopqa,teacher,Teacher: Qwen3-8B-GRPO-Binary-RAR,2,0.070028418636974579,7.0028418636974576,7.0,0.042500000000000003,4.25,4.2
Fact,binary_rar,2wikimultihopqa,teacher,Teacher: Qwen3-8B-GRPO-Binary-RAR,4,0.09328287517701743,9.3282875177017424,9.3,0.046249999999999999,4.625,4.6
Fact,binary_rar,2wikimultihopqa,teacher,Teacher: Qwen3-8B-GRPO-Binary-RAR,8,0.11878238878506624,11.878238878506624,11.9,0.050625000000000003,5.0625,5.1
Fact,binary_rar,2wikimultihopqa,teacher,Teacher: Qwen3-8B-GRPO-Binary-RAR,16,0.14328744331150717,14.328744331150716,14.3,0.049687500000000002,4.96875,5.0
Fact,binary_rar,2wikimultihopqa,teacher,Teacher: Qwen3-8B-GRPO-Binary-RAR,32,0.16702270176826622,16.702270176826623,16.7,0.048593749999999998,4.859375,4.9
Fact,binary_rar,2wikimultihopqa,teacher,Teacher: Qwen3-8B-GRPO-Binary-RAR,64,0.19305825294147183,19.305825294147184,19.3,0.047656249999999997,4.765625,4.8
Fact,binary_rar,2wikimultihopqa,teacher,Teacher: Qwen3-8B-GRPO-Binary-RAR,128,0.21985393364530567,21.985393364530566,22.0,0.048945312499999998,4.89453125,4.9
Fact,binary_rar,2wikimultihopqa,teacher,Teacher: Qwen3-8B-GRPO-Binary-RAR,256,0.24688916800048932,24.688916800048933,24.7,0.049863281250000002,4.986328125,5.0
Fact,binary_rar,2wikimultihopqa,teacher,Teacher: Qwen3-8B-GRPO-Binary-RAR,512,0.27650734197818083,27.650734197818082,27.7,0.050166015624999998,5.0166015625,5.0
Fact,binary_rar,2wikimultihopqa,teacher,Teacher: Qwen3-8B-GRPO-Binary-RAR,1024,0.30499999999999999,30.5,30.5,0.050478515624999998,5.0478515625,5.0
Fact,binary_rar,hotpotqa,base,Base,1,0.055546875000000002,5.5546875,5.6,0.065000000000000002,6.5,6.5
Fact,binary_rar,hotpotqa,base,Base,2,0.074891833531891494,7.4891833531891496,7.5,0.067500000000000004,6.75,6.8
Fact,binary_rar,hotpotqa,base,Base,4,0.096369150819295757,9.6369150819295761,9.6,0.059999999999999998,6,6.0
Fact,binary_rar,hotpotqa,base,Base,8,0.11815530030160235,11.815530030160234,11.8,0.056875000000000002,5.6875,5.7
Fact,binary_rar,hotpotqa,base,Base,16,0.13860999847011271,13.860999847011271,13.9,0.052812499999999998,5.28125,5.3
Fact,binary_rar,hotpotqa,base,Base,32,0.15841615869812573,15.841615869812573,15.8,0.053749999999999999,5.375,5.4
Fact,binary_rar,hotpotqa,base,Base,64,0.17804039562970769,17.804039562970768,17.8,0.054843749999999997,5.484375,5.5
Fact,binary_rar,hotpotqa,base,Base,128,0.19670196914545915,19.670196914545915,19.7,0.054843749999999997,5.484375,5.5
Fact,binary_rar,hotpotqa,base,Base,256,0.21506863902450479,21.50686390245048,21.5,0.054804687499999998,5.48046875,5.5
Fact,binary_rar,hotpotqa,base,Base,512,0.23373088167186654,23.373088167186655,23.4,0.055097656250000002,5.509765625,5.5
Fact,binary_rar,hotpotqa,base,Base,1024,0.25,25,25.0,0.055546875000000002,5.5546875,5.6
Fact,binary_rar,hotpotqa,opd,OPD-RAR(step2650),1,0.052153320312500001,5.21533203125,5.2,0.055,5.5,5.5
Fact,binary_rar,hotpotqa,opd,OPD-RAR(step2650),2,0.076816224874755618,7.6816224874755621,7.7,0.047500000000000001,4.75,4.8
Fact,binary_rar,hotpotqa,opd,OPD-RAR(step2650),4,0.10499628956480399,10.499628956480398,10.5,0.050000000000000003,5,5.0
Fact,binary_rar,hotpotqa,opd,OPD-RAR(step2650),8,0.13419882799852642,13.419882799852642,13.4,0.051874999999999998,5.1875,5.2
Fact,binary_rar,hotpotqa,opd,OPD-RAR(step2650),16,0.16333096434006117,16.333096434006116,16.3,0.058125000000000003,5.8125,5.8
Fact,binary_rar,hotpotqa,opd,OPD-RAR(step2650),32,0.19283204528935741,19.283204528935741,19.3,0.055,5.5,5.5
Fact,binary_rar,hotpotqa,opd,OPD-RAR(step2650),64,0.22170030478230701,22.1700304782307,22.2,0.053593750000000002,5.359375,5.4
Fact,binary_rar,hotpotqa,opd,OPD-RAR(step2650),128,0.24779228559401567,24.779228559401567,24.8,0.053749999999999999,5.375,5.4
Fact,binary_rar,hotpotqa,opd,OPD-RAR(step2650),256,0.27069261970921937,27.069261970921936,27.1,0.053066406250000003,5.306640625,5.3
Fact,binary_rar,hotpotqa,opd,OPD-RAR(step2650),512,0.29339313917893478,29.339313917893477,29.3,0.052675781249999998,5.267578125,5.3
Fact,binary_rar,hotpotqa,opd,OPD-RAR(step2650),1024,0.32000000000000001,32,32.0,0.052153320312500001,5.21533203125,5.2
Fact,binary_rar,hotpotqa,teacher,Teacher: Qwen3-8B-GRPO-Binary-RAR,1,0.1054833984375,10.54833984375,10.5,0.10000000000000001,10,10.0
Fact,binary_rar,hotpotqa,teacher,Teacher: Qwen3-8B-GRPO-Binary-RAR,2,0.13113713686766862,13.113713686766863,13.1,0.105,10.5,10.5
Fact,binary_rar,hotpotqa,teacher,Teacher: Qwen3-8B-GRPO-Binary-RAR,4,0.16322801870180531,16.32280187018053,16.3,0.10375,10.375,10.4
Fact,binary_rar,hotpotqa,teacher,Teacher: Qwen3-8B-GRPO-Binary-RAR,8,0.19852882618231896,19.852882618231895,19.9,0.10625,10.625,10.6
Fact,binary_rar,hotpotqa,teacher,Teacher: Qwen3-8B-GRPO-Binary-RAR,16,0.23364202370395526,23.364202370395525,23.4,0.1059375,10.59375,10.6
Fact,binary_rar,hotpotqa,teacher,Teacher: Qwen3-8B-GRPO-Binary-RAR,32,0.26733960282567742,26.733960282567743,26.7,0.106875,10.6875,10.7
Fact,binary_rar,hotpotqa,teacher,Teacher: Qwen3-8B-GRPO-Binary-RAR,64,0.29902106728429545,29.902106728429544,29.9,0.1053125,10.53125,10.5
Fact,binary_rar,hotpotqa,teacher,Teacher: Qwen3-8B-GRPO-Binary-RAR,128,0.32999844356385871,32.999844356385871,33.0,0.1064453125,10.64453125,10.6
Fact,binary_rar,hotpotqa,teacher,Teacher: Qwen3-8B-GRPO-Binary-RAR,256,0.36106632332143307,36.106632332143306,36.1,0.1059375,10.59375,10.6
Fact,binary_rar,hotpotqa,teacher,Teacher: Qwen3-8B-GRPO-Binary-RAR,512,0.38891586340910045,38.891586340910045,38.9,0.105966796875,10.5966796875,10.6
Fact,binary_rar,hotpotqa,teacher,Teacher: Qwen3-8B-GRPO-Binary-RAR,1024,0.40999999999999998,41,41.0,0.1054833984375,10.54833984375,10.5
Fact,binary_rar,popqa,base,Base,1,0.082836914062500003,8.28369140625,8.3,0.095000000000000001,9.5,9.5
Fact,binary_rar,popqa,base,Base,2,0.098734344452590411,9.8734344452590417,9.9,0.095000000000000001,9.5,9.5
Fact,binary_rar,popqa,base,Base,4,0.11519242841710886,11.519242841710886,11.5,0.083750000000000005,8.375,8.4
Fact,binary_rar,popqa,base,Base,8,0.13268670352610068,13.268670352610068,13.3,0.083750000000000005,8.375,8.4
Fact,binary_rar,popqa,base,Base,16,0.1500816490494673,15.00816490494673,15.0,0.083125000000000004,8.3125,8.3
Fact,binary_rar,popqa,base,Base,32,0.16770185879727584,16.770185879727585,16.8,0.082656250000000001,8.265625,8.3
Fact,binary_rar,popqa,base,Base,64,0.18575462492399608,18.575462492399609,18.6,0.082812499999999997,8.28125,8.3
Fact,binary_rar,popqa,base,Base,128,0.20320594265100589,20.320594265100588,20.3,0.082617187499999994,8.26171875,8.3
Fact,binary_rar,popqa,base,Base,256,0.22057683380162121,22.057683380162121,22.1,0.082714843750000003,8.271484375,8.3
Fact,binary_rar,popqa,base,Base,512,0.23584851836937204,23.584851836937204,23.6,0.082763671875,8.2763671875,8.3
Fact,binary_rar,popqa,base,Base,1024,0.245,24.5,24.5,0.082836914062500003,8.28369140625,8.3
Fact,binary_rar,popqa,opd,OPD-RAR(step2650),1,0.1006005859375,10.06005859375,10.1,0.085000000000000006,8.5,8.5
Fact,binary_rar,popqa,opd,OPD-RAR(step2650),2,0.12130398300036656,12.130398300036656,12.1,0.085000000000000006,8.5,8.5
Fact,binary_rar,popqa,opd,OPD-RAR(step2650),4,0.14209442612721787,14.209442612721787,14.2,0.091249999999999998,9.125,9.1
Fact,binary_rar,popqa,opd,OPD-RAR(step2650),8,0.165674783776527,16.567478377652701,16.6,0.096250000000000002,9.625,9.6
Fact,binary_rar,popqa,opd,OPD-RAR(step2650),16,0.19285925913459961,19.285925913459963,19.3,0.10312499999999999,10.3125,10.3
Fact,binary_rar,popqa,opd,OPD-RAR(step2650),32,0.22130745580173858,22.130745580173858,22.1,0.10203125,10.203125,10.2
Fact,binary_rar,popqa,opd,OPD-RAR(step2650),64,0.25006106286008456,25.006106286008457,25.0,0.101796875,10.1796875,10.2
Fact,binary_rar,popqa,opd,OPD-RAR(step2650),128,0.279101475517537,27.910147551753699,27.9,0.10097656250000001,10.09765625,10.1
Fact,binary_rar,popqa,opd,OPD-RAR(step2650),256,0.30588767243001302,30.588767243001303,30.6,0.1012109375,10.12109375,10.1
Fact,binary_rar,popqa,opd,OPD-RAR(step2650),512,0.32759926022129243,32.759926022129243,32.8,0.100673828125,10.0673828125,10.1
Fact,binary_rar,popqa,opd,OPD-RAR(step2650),1024,0.34499999999999997,34.5,34.5,0.1006005859375,10.06005859375,10.1
Fact,binary_rar,popqa,teacher,Teacher: Qwen3-8B-GRPO-Binary-RAR,1,0.140625,14.0625,14.1,0.155,15.5,15.5
Fact,binary_rar,popqa,teacher,Teacher: Qwen3-8B-GRPO-Binary-RAR,2,0.1731795462182307,17.31795462182307,17.3,0.14499999999999999,14.499999999999998,14.5
Fact,binary_rar,popqa,teacher,Teacher: Qwen3-8B-GRPO-Binary-RAR,4,0.20460424366507277,20.460424366507276,20.5,0.14249999999999999,14.249999999999998,14.2
Fact,binary_rar,popqa,teacher,Teacher: Qwen3-8B-GRPO-Binary-RAR,8,0.2331080872787567,23.310808727875671,23.3,0.141875,14.1875,14.2
Fact,binary_rar,popqa,teacher,Teacher: Qwen3-8B-GRPO-Binary-RAR,16,0.25916799038387373,25.916799038387374,25.9,0.14000000000000001,14.000000000000002,14.0
Fact,binary_rar,popqa,teacher,Teacher: Qwen3-8B-GRPO-Binary-RAR,32,0.2839280995190484,28.392809951904841,28.4,0.141875,14.1875,14.2
Fact,binary_rar,popqa,teacher,Teacher: Qwen3-8B-GRPO-Binary-RAR,64,0.30810889951135678,30.810889951135678,30.8,0.142421875,14.2421875,14.2
Fact,binary_rar,popqa,teacher,Teacher: Qwen3-8B-GRPO-Binary-RAR,128,0.33149833905952475,33.149833905952477,33.1,0.14253906250000001,14.25390625,14.3
Fact,binary_rar,popqa,teacher,Teacher: Qwen3-8B-GRPO-Binary-RAR,256,0.35374262254536376,35.374262254536376,35.4,0.14152343749999999,14.152343749999998,14.2
Fact,binary_rar,popqa,teacher,Teacher: Qwen3-8B-GRPO-Binary-RAR,512,0.37748422008422383,37.748422008422381,37.7,0.141201171875,14.1201171875,14.1
Fact,binary_rar,popqa,teacher,Teacher: Qwen3-8B-GRPO-Binary-RAR,1024,0.40500000000000003,40.5,40.5,0.140625,14.0625,14.1
Fact,binary_rar,triviaqa,base,Base,1,0.21138183593750001,21.13818359375,21.1,0.20499999999999999,20.5,20.5
Fact,binary_rar,triviaqa,base,Base,2,0.24809871013563051,24.80987101356305,24.8,0.20749999999999999,20.75,20.8
Fact,binary_rar,triviaqa,base,Base,4,0.28182514690228311,28.182514690228309,28.2,0.20999999999999999,21,21.0
Fact,binary_rar,triviaqa,base,Base,8,0.31414984771146914,31.414984771146916,31.4,0.203125,20.3125,20.3
Fact,binary_rar,triviaqa,base,Base,16,0.34682106223987569,34.682106223987567,34.7,0.20656250000000001,20.65625,20.7
Fact,binary_rar,triviaqa,base,Base,32,0.380582763270578,38.058276327057797,38.1,0.2109375,21.09375,21.1
Fact,binary_rar,triviaqa,base,Base,64,0.41422933702305337,41.422933702305336,41.4,0.21078125,21.078125,21.1
Fact,binary_rar,triviaqa,base,Base,128,0.44484564437631025,44.484564437631022,44.5,0.21167968749999999,21.16796875,21.2
Fact,binary_rar,triviaqa,base,Base,256,0.47065227391649683,47.065227391649685,47.1,0.21076171874999999,21.076171875,21.1
Fact,binary_rar,triviaqa,base,Base,512,0.49206309847099616,49.206309847099618,49.2,0.211064453125,21.1064453125,21.1
Fact,binary_rar,triviaqa,base,Base,1024,0.51000000000000001,51,51.0,0.21138183593750001,21.13818359375,21.1
Fact,binary_rar,triviaqa,opd,OPD-RAR(step2650),1,0.223603515625,22.3603515625,22.4,0.20999999999999999,21,21.0
Fact,binary_rar,triviaqa,opd,OPD-RAR(step2650),2,0.27362286549975562,27.362286549975561,27.4,0.22750000000000001,22.75,22.8
Fact,binary_rar,triviaqa,opd,OPD-RAR(step2650),4,0.31958437573629112,31.958437573629112,32.0,0.21375,21.375,21.4
Fact,binary_rar,triviaqa,opd,OPD-RAR(step2650),8,0.36227661655341381,36.227661655341379,36.2,0.21687500000000001,21.6875,21.7
Fact,binary_rar,triviaqa,opd,OPD-RAR(step2650),16,0.40368449448957372,40.368449448957371,40.4,0.2175,21.75,21.8
Fact,binary_rar,triviaqa,opd,OPD-RAR(step2650),32,0.44175283144002259,44.175283144002258,44.2,0.22187499999999999,22.1875,22.2
Fact,binary_rar,triviaqa,opd,OPD-RAR(step2650),64,0.47350872442630987,47.350872442630987,47.4,0.22265625,22.265625,22.3
Fact,binary_rar,triviaqa,opd,OPD-RAR(step2650),128,0.4999345753674721,49.993457536747208,50.0,0.22390625,22.390625,22.4
Fact,binary_rar,triviaqa,opd,OPD-RAR(step2650),256,0.5250459970207898,52.504599702078977,52.5,0.22382812499999999,22.3828125,22.4
Fact,binary_rar,triviaqa,opd,OPD-RAR(step2650),512,0.55377723355307484,55.377723355307481,55.4,0.22385742187499999,22.3857421875,22.4
Fact,binary_rar,triviaqa,opd,OPD-RAR(step2650),1024,0.58499999999999996,58.5,58.5,0.223603515625,22.3603515625,22.4
Fact,binary_rar,triviaqa,teacher,Teacher: Qwen3-8B-GRPO-Binary-RAR,1,0.41936523437500001,41.9365234375,41.9,0.39500000000000002,39.5,39.5
Fact,binary_rar,triviaqa,teacher,Teacher: Qwen3-8B-GRPO-Binary-RAR,2,0.47627850455156406,47.627850455156405,47.6,0.40749999999999997,40.75,40.8
Fact,binary_rar,triviaqa,teacher,Teacher: Qwen3-8B-GRPO-Binary-RAR,4,0.5234580659216348,52.345806592163477,52.3,0.42499999999999999,42.5,42.5
Fact,binary_rar,triviaqa,teacher,Teacher: Qwen3-8B-GRPO-Binary-RAR,8,0.5637684347952211,56.376843479522108,56.4,0.416875,41.6875,41.7
Fact,binary_rar,triviaqa,teacher,Teacher: Qwen3-8B-GRPO-Binary-RAR,16,0.59921105257755514,59.921105257755514,59.9,0.41718749999999999,41.71875,41.7
Fact,binary_rar,triviaqa,teacher,Teacher: Qwen3-8B-GRPO-Binary-RAR,32,0.63181609187632948,63.181609187632951,63.2,0.41828124999999999,41.828125,41.8
Fact,binary_rar,triviaqa,teacher,Teacher: Qwen3-8B-GRPO-Binary-RAR,64,0.66237427047970254,66.237427047970257,66.2,0.41859374999999999,41.859375,41.9
Fact,binary_rar,triviaqa,teacher,Teacher: Qwen3-8B-GRPO-Binary-RAR,128,0.68917224702140656,68.917224702140658,68.9,0.41749999999999998,41.75,41.8
Fact,binary_rar,triviaqa,teacher,Teacher: Qwen3-8B-GRPO-Binary-RAR,256,0.71183592813366969,71.183592813366971,71.2,0.41892578125000002,41.892578125,41.9
Fact,binary_rar,triviaqa,teacher,Teacher: Qwen3-8B-GRPO-Binary-RAR,512,0.73193173917531051,73.193173917531055,73.2,0.41920898437499998,41.9208984375,41.9
Fact,binary_rar,triviaqa,teacher,Teacher: Qwen3-8B-GRPO-Binary-RAR,1024,0.75,75,75.0,0.41936523437500001,41.9365234375,41.9
Fact,sesa,2wikimultihopqa,opd,OPD-SESA step2650 (n=1024),1,0.032924804687500003,3.2924804687500004,3.3,0.035000000000000003,3.5000000000000004,3.5
Fact,sesa,2wikimultihopqa,opd,OPD-SESA step2650 (n=1024),2,0.049790759790444776,4.9790759790444774,5.0,0.032500000000000001,3.25,3.2
Fact,sesa,2wikimultihopqa,opd,OPD-SESA step2650 (n=1024),4,0.069091616581176227,6.9091616581176227,6.9,0.040000000000000001,4,4.0
Fact,sesa,2wikimultihopqa,opd,OPD-SESA step2650 (n=1024),8,0.08902337178221903,8.9023371782219023,8.9,0.036874999999999998,3.6875,3.7
Fact,sesa,2wikimultihopqa,opd,OPD-SESA step2650 (n=1024),16,0.10914639850378068,10.914639850378068,10.9,0.035000000000000003,3.5000000000000004,3.5
Fact,sesa,2wikimultihopqa,opd,OPD-SESA step2650 (n=1024),32,0.12843869512546283,12.843869512546283,12.8,0.034218749999999999,3.421875,3.4
Fact,sesa,2wikimultihopqa,opd,OPD-SESA step2650 (n=1024),64,0.1478949350940913,14.78949350940913,14.8,0.034140625000000001,3.4140625,3.4
Fact,sesa,2wikimultihopqa,opd,OPD-SESA step2650 (n=1024),128,0.17082852883505006,17.082852883505005,17.1,0.034101562500000002,3.41015625,3.4
Fact,sesa,2wikimultihopqa,opd,OPD-SESA step2650 (n=1024),256,0.196624771380571,19.662477138057099,19.7,0.03337890625,3.337890625,3.3
Fact,sesa,2wikimultihopqa,opd,OPD-SESA step2650 (n=1024),512,0.22276029284973997,22.276029284973998,22.3,0.033466796875000003,3.3466796875000004,3.3
Fact,sesa,2wikimultihopqa,opd,OPD-SESA step2650 (n=1024),1024,0.245,24.5,24.5,0.032924804687500003,3.2924804687500004,3.3
Fact,sesa,2wikimultihopqa,teacher,SESA-8B-search (n=1024),1,0.057031249999999999,5.703125,5.7,0.050000000000000003,5,5.0
Fact,sesa,2wikimultihopqa,teacher,SESA-8B-search (n=1024),2,0.079851806879276635,7.9851806879276639,8.0,0.055,5.5,5.5
Fact,sesa,2wikimultihopqa,teacher,SESA-8B-search (n=1024),4,0.10576965683643783,10.576965683643783,10.6,0.051249999999999997,5.125,5.1
Fact,sesa,2wikimultihopqa,teacher,SESA-8B-search (n=1024),8,0.13185272585035063,13.185272585035063,13.2,0.052499999999999998,5.25,5.2
Fact,sesa,2wikimultihopqa,teacher,SESA-8B-search (n=1024),16,0.15620189211935315,15.620189211935315,15.6,0.056875000000000002,5.6875,5.7
Fact,sesa,2wikimultihopqa,teacher,SESA-8B-search (n=1024),32,0.18018947724276976,18.018947724276977,18.0,0.055468749999999997,5.546875,5.5
Fact,sesa,2wikimultihopqa,teacher,SESA-8B-search (n=1024),64,0.20602265076276585,20.602265076276584,20.6,0.055156249999999997,5.515625,5.5
Fact,sesa,2wikimultihopqa,teacher,SESA-8B-search (n=1024),128,0.23335190504255496,23.335190504255497,23.3,0.054414062499999999,5.44140625,5.4
Fact,sesa,2wikimultihopqa,teacher,SESA-8B-search (n=1024),256,0.25935832282684002,25.935832282684,25.9,0.05548828125,5.548828125,5.5
Fact,sesa,2wikimultihopqa,teacher,SESA-8B-search (n=1024),512,0.28134670779301474,28.134670779301473,28.1,0.05646484375,5.646484375,5.6
Fact,sesa,2wikimultihopqa,teacher,SESA-8B-search (n=1024),1024,0.29999999999999999,30,30.0,0.057031249999999999,5.703125,5.7
Fact,sesa,hotpotqa,opd,OPD-SESA step2650 (n=1024),1,0.055512695312499999,5.55126953125,5.6,0.040000000000000001,4,4.0
Fact,sesa,hotpotqa,opd,OPD-SESA step2650 (n=1024),2,0.079925168392595308,7.9925168392595305,8.0,0.052499999999999998,5.25,5.2
Fact,sesa,hotpotqa,opd,OPD-SESA step2650 (n=1024),4,0.10734145704012203,10.734145704012203,10.7,0.053749999999999999,5.375,5.4
Fact,sesa,hotpotqa,opd,OPD-SESA step2650 (n=1024),8,0.13507087638808704,13.507087638808704,13.5,0.053124999999999999,5.3125,5.3
Fact,sesa,hotpotqa,opd,OPD-SESA step2650 (n=1024),16,0.16164580621075103,16.164580621075103,16.2,0.056250000000000001,5.625,5.6
Fact,sesa,hotpotqa,opd,OPD-SESA step2650 (n=1024),32,0.18795597546084075,18.795597546084075,18.8,0.05890625,5.890625,5.9
Fact,sesa,hotpotqa,opd,OPD-SESA step2650 (n=1024),64,0.21618552406016689,21.61855240601669,21.6,0.057421874999999997,5.7421875,5.7
Fact,sesa,hotpotqa,opd,OPD-SESA step2650 (n=1024),128,0.24556737967488432,24.556737967488431,24.6,0.056171875000000003,5.6171875,5.6
Fact,sesa,hotpotqa,opd,OPD-SESA step2650 (n=1024),256,0.27462135373871249,27.462135373871249,27.5,0.055703124999999999,5.5703125,5.6
Fact,sesa,hotpotqa,opd,OPD-SESA step2650 (n=1024),512,0.3036923566064692,30.369235660646922,30.4,0.055693359375000001,5.5693359375,5.6
Fact,sesa,hotpotqa,opd,OPD-SESA step2650 (n=1024),1024,0.33000000000000002,33,33.0,0.055512695312499999,5.55126953125,5.6
Fact,sesa,hotpotqa,teacher,SESA-8B-search (n=1024),1,0.12441406250000001,12.44140625,12.4,0.115,11.5,11.5
Fact,sesa,hotpotqa,teacher,SESA-8B-search (n=1024),2,0.15466426487658846,15.466426487658847,15.5,0.11749999999999999,11.75,11.8
Fact,sesa,hotpotqa,teacher,SESA-8B-search (n=1024),4,0.18791476409015018,18.791476409015019,18.8,0.115,11.5,11.5
Fact,sesa,hotpotqa,teacher,SESA-8B-search (n=1024),8,0.22245974571411531,22.24597457141153,22.2,0.119375,11.9375,11.9
Fact,sesa,hotpotqa,teacher,SESA-8B-search (n=1024),16,0.2559307665220974,25.593076652209739,25.6,0.119375,11.9375,11.9
Fact,sesa,hotpotqa,teacher,SESA-8B-search (n=1024),32,0.28761965252165156,28.761965252165155,28.8,0.12375,12.375,12.4
Fact,sesa,hotpotqa,teacher,SESA-8B-search (n=1024),64,0.31950270140179926,31.950270140179924,32.0,0.12273437500000001,12.2734375,12.3
Fact,sesa,hotpotqa,teacher,SESA-8B-search (n=1024),128,0.35429444442725605,35.429444442725604,35.4,0.1241015625,12.41015625,12.4
Fact,sesa,hotpotqa,teacher,SESA-8B-search (n=1024),256,0.39226171044219688,39.22617104421969,39.2,0.12501953125000001,12.501953125000002,12.5
Fact,sesa,hotpotqa,teacher,SESA-8B-search (n=1024),512,0.42922480997138668,42.92248099713867,42.9,0.124892578125,12.4892578125,12.5
Fact,sesa,hotpotqa,teacher,SESA-8B-search (n=1024),1024,0.46000000000000002,46,46.0,0.12441406250000001,12.44140625,12.4
Fact,sesa,popqa,opd,OPD-SESA step2650 (n=1024),1,0.117099609375,11.7099609375,11.7,0.125,12.5,12.5
Fact,sesa,popqa,opd,OPD-SESA step2650 (n=1024),2,0.14037086464442816,14.037086464442815,14.0,0.125,12.5,12.5
Fact,sesa,popqa,opd,OPD-SESA step2650 (n=1024),4,0.16486640411635772,16.486640411635772,16.5,0.11625000000000001,11.625,11.6
Fact,sesa,popqa,opd,OPD-SESA step2650 (n=1024),8,0.19126630537222467,19.126630537222468,19.1,0.114375,11.4375,11.4
Fact,sesa,popqa,opd,OPD-SESA step2650 (n=1024),16,0.21831546934692939,21.831546934692938,21.8,0.11625000000000001,11.625,11.6
Fact,sesa,popqa,opd,OPD-SESA step2650 (n=1024),32,0.24510260760709449,24.51026076070945,24.5,0.11796875,11.796875,11.8
Fact,sesa,popqa,opd,OPD-SESA step2650 (n=1024),64,0.27139531171999143,27.139531171999142,27.1,0.11765625,11.765625,11.8
Fact,sesa,popqa,opd,OPD-SESA step2650 (n=1024),128,0.29730501973537482,29.730501973537482,29.7,0.117890625,11.7890625,11.8
Fact,sesa,popqa,opd,OPD-SESA step2650 (n=1024),256,0.32160493384374006,32.160493384374007,32.2,0.117421875,11.7421875,11.7
Fact,sesa,popqa,opd,OPD-SESA step2650 (n=1024),512,0.34354494866886576,34.354494866886576,34.4,0.11705078125,11.705078125,11.7
Fact,sesa,popqa,opd,OPD-SESA step2650 (n=1024),1024,0.36499999999999999,36.5,36.5,0.117099609375,11.7099609375,11.7
Fact,sesa,popqa,teacher,SESA-8B-search (n=1024),1,0.16468749999999999,16.46875,16.5,0.17000000000000001,17,17.0
Fact,sesa,popqa,teacher,SESA-8B-search (n=1024),2,0.1972249205767351,19.722492057673509,19.7,0.16250000000000001,16.25,16.2
Fact,sesa,popqa,teacher,SESA-8B-search (n=1024),4,0.22712371465163592,22.712371465163592,22.7,0.16250000000000001,16.25,16.2
Fact,sesa,popqa,teacher,SESA-8B-search (n=1024),8,0.25627695313429427,25.627695313429427,25.6,0.16187499999999999,16.1875,16.2
Fact,sesa,popqa,teacher,SESA-8B-search (n=1024),16,0.28471214548119134,28.471214548119132,28.5,0.16375000000000001,16.375,16.4
Fact,sesa,popqa,teacher,SESA-8B-search (n=1024),32,0.31391266392558609,31.39126639255861,31.4,0.16390625,16.390625,16.4
Fact,sesa,popqa,teacher,SESA-8B-search (n=1024),64,0.34473568561881379,34.473568561881379,34.5,0.163515625,16.3515625,16.4
Fact,sesa,popqa,teacher,SESA-8B-search (n=1024),128,0.37441580025028232,37.44158002502823,37.4,0.1628125,16.28125,16.3
Fact,sesa,popqa,teacher,SESA-8B-search (n=1024),256,0.40192160831139323,40.192160831139326,40.2,0.16443359375,16.443359375,16.4
Fact,sesa,popqa,teacher,SESA-8B-search (n=1024),512,0.43031164915291625,43.031164915291626,43.0,0.164765625,16.4765625,16.5
Fact,sesa,popqa,teacher,SESA-8B-search (n=1024),1024,0.46500000000000002,46.5,46.5,0.16468749999999999,16.46875,16.5
Fact,sesa,triviaqa,opd,OPD-SESA step2650 (n=1024),1,0.22407226562499999,22.4072265625,22.4,0.23000000000000001,23,23.0
Fact,sesa,triviaqa,opd,OPD-SESA step2650 (n=1024),2,0.26980242508247804,26.980242508247805,27.0,0.23250000000000001,23.25,23.2
Fact,sesa,triviaqa,opd,OPD-SESA step2650 (n=1024),4,0.30995014316027214,30.995014316027213,31.0,0.21875,21.875,21.9
Fact,sesa,triviaqa,opd,OPD-SESA step2650 (n=1024),8,0.3479905988852473,34.799059888524731,34.8,0.22375,22.375,22.4
Fact,sesa,triviaqa,opd,OPD-SESA step2650 (n=1024),16,0.38632660514500095,38.632660514500095,38.6,0.22562499999999999,22.5625,22.6
Fact,sesa,triviaqa,opd,OPD-SESA step2650 (n=1024),32,0.42283727882636252,42.283727882636249,42.3,0.2215625,22.15625,22.2
Fact,sesa,triviaqa,opd,OPD-SESA step2650 (n=1024),64,0.45540631534058029,45.540631534058029,45.5,0.22234375000000001,22.234375,22.2
Fact,sesa,triviaqa,opd,OPD-SESA step2650 (n=1024),128,0.48567471671740087,48.567471671740087,48.6,0.22246093750000001,22.24609375,22.2
Fact,sesa,triviaqa,opd,OPD-SESA step2650 (n=1024),256,0.51514249949341895,51.514249949341895,51.5,0.2237890625,22.37890625,22.4
Fact,sesa,triviaqa,opd,OPD-SESA step2650 (n=1024),512,0.5428543472596874,54.285434725968742,54.3,0.22322265625000001,22.322265625,22.3
Fact,sesa,triviaqa,opd,OPD-SESA step2650 (n=1024),1024,0.56499999999999995,56.499999999999993,56.5,0.22407226562499999,22.4072265625,22.4
Fact,sesa,triviaqa,teacher,SESA-8B-search (n=1024),1,0.43376953125000001,43.376953125,43.4,0.42499999999999999,42.5,42.5
Fact,sesa,triviaqa,teacher,SESA-8B-search (n=1024),2,0.48439103739002931,48.439103739002931,48.4,0.44500000000000001,44.5,44.5
Fact,sesa,triviaqa,teacher,SESA-8B-search (n=1024),4,0.52717787269333216,52.717787269333215,52.7,0.44374999999999998,44.375,44.4
Fact,sesa,triviaqa,teacher,SESA-8B-search (n=1024),8,0.5620112717360467,56.201127173604668,56.2,0.44187500000000002,44.1875,44.2
Fact,sesa,triviaqa,teacher,SESA-8B-search (n=1024),16,0.5889504989152855,58.895049891528551,58.9,0.4453125,44.53125,44.5
Fact,sesa,triviaqa,teacher,SESA-8B-search (n=1024),32,0.61218503442073202,61.218503442073199,61.2,0.43874999999999997,43.875,43.9
Fact,sesa,triviaqa,teacher,SESA-8B-search (n=1024),64,0.6356275493899326,63.562754938993258,63.6,0.43820312500000003,43.8203125,43.8
Fact,sesa,triviaqa,teacher,SESA-8B-search (n=1024),128,0.65860598212842858,65.860598212842859,65.9,0.4345703125,43.45703125,43.5
Fact,sesa,triviaqa,teacher,SESA-8B-search (n=1024),256,0.67822114075328055,67.822114075328059,67.8,0.43447265624999998,43.447265625,43.4
Fact,sesa,triviaqa,teacher,SESA-8B-search (n=1024),512,0.6973106795546512,69.731067955465122,69.7,0.43397460937499999,43.3974609375,43.4
Fact,sesa,triviaqa,teacher,SESA-8B-search (n=1024),1024,0.71999999999999997,72,72.0,0.43376953125000001,43.376953125,43.4
Math,justrl,aime_2024,base,DeepSeek-R1-Distill-Qwen-1.5B,1,0.29931640625,29.931640625,29.9,0.20000000000000001,20,20.0
Math,justrl,aime_2024,base,DeepSeek-R1-Distill-Qwen-1.5B,2,0.40751644468882375,40.751644468882375,40.8,0.20000000000000001,20,20.0
Math,justrl,aime_2024,base,DeepSeek-R1-Distill-Qwen-1.5B,4,0.51741945573211989,51.741945573211993,51.7,0.22500000000000001,22.5,22.5
Math,justrl,aime_2024,base,DeepSeek-R1-Distill-Qwen-1.5B,8,0.61815738201423664,61.815738201423663,61.8,0.25,25,25.0
Math,justrl,aime_2024,base,DeepSeek-R1-Distill-Qwen-1.5B,16,0.70011584264580839,70.011584264580833,70.0,0.27708333333333335,27.708333333333336,27.7
Math,justrl,aime_2024,base,DeepSeek-R1-Distill-Qwen-1.5B,32,0.76049502128577262,76.049502128577259,76.0,0.29062500000000002,29.062500000000004,29.1
Math,justrl,aime_2024,base,DeepSeek-R1-Distill-Qwen-1.5B,64,0.79970713446008412,79.970713446008418,80.0,0.29427083333333331,29.427083333333332,29.4
Math,justrl,aime_2024,base,DeepSeek-R1-Distill-Qwen-1.5B,128,0.82063383334346973,82.06338333434698,82.1,0.29765625000000001,29.765625,29.8
Math,justrl,aime_2024,base,DeepSeek-R1-Distill-Qwen-1.5B,256,0.83739108070506996,83.739108070507001,83.7,0.30130208333333336,30.130208333333336,30.1
Math,justrl,aime_2024,base,DeepSeek-R1-Distill-Qwen-1.5B,512,0.85627035894558745,85.627035894558745,85.6,0.29661458333333335,29.661458333333336,29.7
Math,justrl,aime_2024,base,DeepSeek-R1-Distill-Qwen-1.5B,1024,0.8666666666666667,86.666666666666671,86.7,0.29931640625,29.931640625,29.9
Math,justrl,aime_2024,opd,DeepSeek-R1-Distill-Qwen-1.5B-OPD-step260,1,0.49449869791666667,49.449869791666664,49.4,0.53333333333333333,53.333333333333336,53.3
Math,justrl,aime_2024,opd,DeepSeek-R1-Distill-Qwen-1.5B-OPD-step260,2,0.59490876507005541,59.490876507005538,59.5,0.53333333333333333,53.333333333333336,53.3
Math,justrl,aime_2024,opd,DeepSeek-R1-Distill-Qwen-1.5B-OPD-step260,4,0.67424577782170081,67.424577782170076,67.4,0.5,50,50.0
Math,justrl,aime_2024,opd,DeepSeek-R1-Distill-Qwen-1.5B-OPD-step260,8,0.73286458846380764,73.286458846380768,73.3,0.48749999999999999,48.75,48.8
Math,justrl,aime_2024,opd,DeepSeek-R1-Distill-Qwen-1.5B-OPD-step260,16,0.77164378391591282,77.164378391591285,77.2,0.48541666666666666,48.541666666666664,48.5
Math,justrl,aime_2024,opd,DeepSeek-R1-Distill-Qwen-1.5B-OPD-step260,32,0.79322297033739131,79.322297033739133,79.3,0.48541666666666666,48.541666666666664,48.5
Math,justrl,aime_2024,opd,DeepSeek-R1-Distill-Qwen-1.5B-OPD-step260,64,0.80132523241202991,80.132523241202989,80.1,0.48749999999999999,48.75,48.8
Math,justrl,aime_2024,opd,DeepSeek-R1-Distill-Qwen-1.5B-OPD-step260,128,0.80416007473664897,80.416007473664891,80.4,0.49062499999999998,49.0625,49.1
Math,justrl,aime_2024,opd,DeepSeek-R1-Distill-Qwen-1.5B-OPD-step260,256,0.8083333331454875,80.833333314548753,80.8,0.49257812499999998,49.2578125,49.3
Math,justrl,aime_2024,opd,DeepSeek-R1-Distill-Qwen-1.5B-OPD-step260,512,0.81666666666666665,81.666666666666671,81.7,0.49309895833333334,49.309895833333336,49.3
Math,justrl,aime_2024,opd,DeepSeek-R1-Distill-Qwen-1.5B-OPD-step260,1024,0.83333333333333337,83.333333333333343,83.3,0.49449869791666667,49.449869791666664,49.4
Math,justrl,aime_2024,teacher,JustRL-DeepSeek-1.5B,1,0.52115885416666663,52.115885416666664,52.1,0.5,50,50.0
Math,justrl,aime_2024,teacher,JustRL-DeepSeek-1.5B,2,0.61939754144265236,61.939754144265237,61.9,0.58333333333333337,58.333333333333336,58.3
Math,justrl,aime_2024,teacher,JustRL-DeepSeek-1.5B,4,0.70074294764024969,70.07429476402497,70.1,0.55833333333333335,55.833333333333336,55.8
Math,justrl,aime_2024,teacher,JustRL-DeepSeek-1.5B,8,0.76144941345770722,76.144941345770718,76.1,0.55833333333333335,55.833333333333336,55.8
Math,justrl,aime_2024,teacher,JustRL-DeepSeek-1.5B,16,0.7932289422492167,79.322894224921669,79.3,0.52500000000000002,52.5,52.5
Math,justrl,aime_2024,teacher,JustRL-DeepSeek-1.5B,32,0.80167802512325481,80.16780251232548,80.2,0.5239583333333333,52.395833333333329,52.4
Math,justrl,aime_2024,teacher,JustRL-DeepSeek-1.5B,64,0.80416542653876821,80.416542653876817,80.4,0.5239583333333333,52.395833333333329,52.4
Math,justrl,aime_2024,teacher,JustRL-DeepSeek-1.5B,128,0.80833333332590562,80.833333332590556,80.8,0.51875000000000004,51.875000000000007,51.9
Math,justrl,aime_2024,teacher,JustRL-DeepSeek-1.5B,256,0.81666666666666665,81.666666666666671,81.7,0.52031249999999996,52.031249999999993,52.0
Math,justrl,aime_2024,teacher,JustRL-DeepSeek-1.5B,512,0.83333333333333337,83.333333333333343,83.3,0.5209635416666667,52.096354166666671,52.1
Math,justrl,aime_2024,teacher,JustRL-DeepSeek-1.5B,1024,0.8666666666666667,86.666666666666671,86.7,0.52115885416666663,52.115885416666664,52.1
Math,justrl,aime_2025,base,DeepSeek-R1-Distill-Qwen-1.5B,1,0.23404947916666666,23.404947916666664,23.4,0.23333333333333334,23.333333333333332,23.3
Math,justrl,aime_2025,base,DeepSeek-R1-Distill-Qwen-1.5B,2,0.29327244216357118,29.327244216357119,29.3,0.23333333333333334,23.333333333333332,23.3
Math,justrl,aime_2025,base,DeepSeek-R1-Distill-Qwen-1.5B,4,0.34588893952866789,34.58889395286679,34.6,0.23333333333333334,23.333333333333332,23.3
Math,justrl,aime_2025,base,DeepSeek-R1-Distill-Qwen-1.5B,8,0.40164841301134452,40.164841301134452,40.2,0.22500000000000001,22.5,22.5
Math,justrl,aime_2025,base,DeepSeek-R1-Distill-Qwen-1.5B,16,0.46227190483281255,46.227190483281255,46.2,0.22708333333333333,22.708333333333332,22.7
Math,justrl,aime_2025,base,DeepSeek-R1-Distill-Qwen-1.5B,32,0.52134064552774795,52.134064552774795,52.1,0.23541666666666666,23.541666666666668,23.5
Math,justrl,aime_2025,base,DeepSeek-R1-Distill-Qwen-1.5B,64,0.57989583544746948,57.989583544746949,58.0,0.23281250000000001,23.28125,23.3
Math,justrl,aime_2025,base,DeepSeek-R1-Distill-Qwen-1.5B,128,0.6410084346369268,64.100843463692684,64.1,0.23125000000000001,23.125,23.1
Math,justrl,aime_2025,base,DeepSeek-R1-Distill-Qwen-1.5B,256,0.69505049323937529,69.505049323937527,69.5,0.234375,23.4375,23.4
Math,justrl,aime_2025,base,DeepSeek-R1-Distill-Qwen-1.5B,512,0.73634703037963756,73.63470303796376,73.6,0.23502604166666666,23.502604166666664,23.5
Math,justrl,aime_2025,base,DeepSeek-R1-Distill-Qwen-1.5B,1024,0.76666666666666672,76.666666666666671,76.7,0.23404947916666666,23.404947916666664,23.4
Math,justrl,aime_2025,opd,DeepSeek-R1-Distill-Qwen-1.5B-OPD-step260,1,0.34703776041666667,34.703776041666664,34.7,0.40000000000000002,40,40.0
Math,justrl,aime_2025,opd,DeepSeek-R1-Distill-Qwen-1.5B-OPD-step260,2,0.40638676329830564,40.638676329830567,40.6,0.38333333333333336,38.333333333333336,38.3
Math,justrl,aime_2025,opd,DeepSeek-R1-Distill-Qwen-1.5B-OPD-step260,4,0.46389614915548849,46.389614915548847,46.4,0.35833333333333334,35.833333333333336,35.8
Math,justrl,aime_2025,opd,DeepSeek-R1-Distill-Qwen-1.5B-OPD-step260,8,0.52199182081116358,52.199182081116355,52.2,0.36249999999999999,36.25,36.2
Math,justrl,aime_2025,opd,DeepSeek-R1-Distill-Qwen-1.5B-OPD-step260,16,0.57312339295379044,57.312339295379047,57.3,0.35208333333333336,35.208333333333336,35.2
Math,justrl,aime_2025,opd,DeepSeek-R1-Distill-Qwen-1.5B-OPD-step260,32,0.61212978414926955,61.212978414926958,61.2,0.35104166666666664,35.104166666666664,35.1
Math,justrl,aime_2025,opd,DeepSeek-R1-Distill-Qwen-1.5B-OPD-step260,64,0.64465455216019596,64.465455216019592,64.5,0.34270833333333334,34.270833333333336,34.3
Math,justrl,aime_2025,opd,DeepSeek-R1-Distill-Qwen-1.5B-OPD-step260,128,0.67467897140818889,67.467897140818891,67.5,0.35104166666666664,35.104166666666664,35.1
Math,justrl,aime_2025,opd,DeepSeek-R1-Distill-Qwen-1.5B-OPD-step260,256,0.69841134275154071,69.841134275154076,69.8,0.35052083333333334,35.052083333333336,35.1
Math,justrl,aime_2025,opd,DeepSeek-R1-Distill-Qwen-1.5B-OPD-step260,512,0.71560391848973459,71.560391848973453,71.6,0.3466796875,34.66796875,34.7
Math,justrl,aime_2025,opd,DeepSeek-R1-Distill-Qwen-1.5B-OPD-step260,1024,0.73333333333333328,73.333333333333329,73.3,0.34703776041666667,34.703776041666664,34.7
Math,justrl,aime_2025,teacher,JustRL-DeepSeek-1.5B,1,0.36542968749999999,36.54296875,36.5,0.36666666666666664,36.666666666666664,36.7
Math,justrl,aime_2025,teacher,JustRL-DeepSeek-1.5B,2,0.42817018471000329,42.817018471000331,42.8,0.40000000000000002,40,40.0
Math,justrl,aime_2025,teacher,JustRL-DeepSeek-1.5B,4,0.49376528766460082,49.376528766460083,49.4,0.38333333333333336,38.333333333333336,38.3
Math,justrl,aime_2025,teacher,JustRL-DeepSeek-1.5B,8,0.55767599731859796,55.767599731859796,55.8,0.36666666666666664,36.666666666666664,36.7
Math,justrl,aime_2025,teacher,JustRL-DeepSeek-1.5B,16,0.6072301922917035,60.723019229170347,60.7,0.38124999999999998,38.125,38.1
Math,justrl,aime_2025,teacher,JustRL-DeepSeek-1.5B,32,0.63848164105006455,63.848164105006454,63.8,0.37916666666666665,37.916666666666664,37.9
Math,justrl,aime_2025,teacher,JustRL-DeepSeek-1.5B,64,0.66181687289049873,66.181687289049876,66.2,0.3671875,36.71875,36.7
Math,justrl,aime_2025,teacher,JustRL-DeepSeek-1.5B,128,0.68430048602439852,68.430048602439854,68.4,0.36848958333333331,36.848958333333329,36.8
Math,justrl,aime_2025,teacher,JustRL-DeepSeek-1.5B,256,0.70829645187236923,70.82964518723692,70.8,0.36796875000000001,36.796875,36.8
Math,justrl,aime_2025,teacher,JustRL-DeepSeek-1.5B,512,0.73751850564756638,73.751850564756637,73.8,0.365234375,36.5234375,36.5
Math,justrl,aime_2025,teacher,JustRL-DeepSeek-1.5B,1024,0.76666666666666672,76.666666666666671,76.7,0.36542968749999999,36.54296875,36.5
Math,justrl,aime_2026,base,DeepSeek-R1-Distill-Qwen-1.5B,1,0.2060546875,20.60546875,20.6,0.20000000000000001,20,20.0
Math,justrl,aime_2026,base,DeepSeek-R1-Distill-Qwen-1.5B,2,0.28579367261322908,28.579367261322908,28.6,0.23333333333333334,23.333333333333332,23.3
Math,justrl,aime_2026,base,DeepSeek-R1-Distill-Qwen-1.5B,4,0.36911698921255881,36.911698921255883,36.9,0.21666666666666667,21.666666666666668,21.7
Math,justrl,aime_2026,base,DeepSeek-R1-Distill-Qwen-1.5B,8,0.44958398759937707,44.958398759937708,45.0,0.20000000000000001,20,20.0
Math,justrl,aime_2026,base,DeepSeek-R1-Distill-Qwen-1.5B,16,0.52873427721558908,52.873427721558905,52.9,0.19583333333333333,19.583333333333332,19.6
Math,justrl,aime_2026,base,DeepSeek-R1-Distill-Qwen-1.5B,32,0.60829373337927217,60.829373337927215,60.8,0.18645833333333334,18.645833333333332,18.6
Math,justrl,aime_2026,base,DeepSeek-R1-Distill-Qwen-1.5B,64,0.6821061565781863,68.210615657818636,68.2,0.20416666666666666,20.416666666666668,20.4
Math,justrl,aime_2026,base,DeepSeek-R1-Distill-Qwen-1.5B,128,0.74363392188778132,74.363392188778136,74.4,0.20755208333333333,20.755208333333332,20.8
Math,justrl,aime_2026,base,DeepSeek-R1-Distill-Qwen-1.5B,256,0.79172392247976375,79.172392247976376,79.2,0.203125,20.3125,20.3
Math,justrl,aime_2026,base,DeepSeek-R1-Distill-Qwen-1.5B,512,0.82865140658665459,82.865140658665453,82.9,0.20455729166666667,20.455729166666668,20.5
Math,justrl,aime_2026,base,DeepSeek-R1-Distill-Qwen-1.5B,1024,0.8666666666666667,86.666666666666671,86.7,0.2060546875,20.60546875,20.6
Math,justrl,aime_2026,opd,DeepSeek-R1-Distill-Qwen-1.5B-OPD-step260,1,0.35631510416666667,35.631510416666664,35.6,0.36666666666666664,36.666666666666664,36.7
Math,justrl,aime_2026,opd,DeepSeek-R1-Distill-Qwen-1.5B-OPD-step260,2,0.44758363626181169,44.758363626181172,44.8,0.34999999999999998,35,35.0
Math,justrl,aime_2026,opd,DeepSeek-R1-Distill-Qwen-1.5B-OPD-step260,4,0.5224716062986956,52.247160629869562,52.2,0.35833333333333334,35.833333333333336,35.8
Math,justrl,aime_2026,opd,DeepSeek-R1-Distill-Qwen-1.5B-OPD-step260,8,0.58461038869324033,58.461038869324035,58.5,0.38333333333333336,38.333333333333336,38.3
Math,justrl,aime_2026,opd,DeepSeek-R1-Distill-Qwen-1.5B-OPD-step260,16,0.63877937765014747,63.87793776501475,63.9,0.38124999999999998,38.125,38.1
Math,justrl,aime_2026,opd,DeepSeek-R1-Distill-Qwen-1.5B-OPD-step260,32,0.69294273320962807,69.294273320962802,69.3,0.359375,35.9375,35.9
Math,justrl,aime_2026,opd,DeepSeek-R1-Distill-Qwen-1.5B-OPD-step260,64,0.74149106216724903,74.149106216724903,74.1,0.36093750000000002,36.09375,36.1
Math,justrl,aime_2026,opd,DeepSeek-R1-Distill-Qwen-1.5B-OPD-step260,128,0.77468558534069143,77.468558534069146,77.5,0.36249999999999999,36.25,36.2
Math,justrl,aime_2026,opd,DeepSeek-R1-Distill-Qwen-1.5B-OPD-step260,256,0.79866406311036275,79.866406311036272,79.9,0.36236979166666666,36.236979166666664,36.2
Math,justrl,aime_2026,opd,DeepSeek-R1-Distill-Qwen-1.5B-OPD-step260,512,0.82082255811753402,82.082255811753399,82.1,0.35930989583333334,35.930989583333336,35.9
Math,justrl,aime_2026,opd,DeepSeek-R1-Distill-Qwen-1.5B-OPD-step260,1024,0.83333333333333337,83.333333333333343,83.3,0.35631510416666667,35.631510416666664,35.6
Math,justrl,aime_2026,teacher,JustRL-DeepSeek-1.5B,1,0.37981770833333334,37.981770833333336,38.0,0.36666666666666664,36.666666666666664,36.7
Math,justrl,aime_2026,teacher,JustRL-DeepSeek-1.5B,2,0.47076600175138483,47.076600175138481,47.1,0.34999999999999998,35,35.0
Math,justrl,aime_2026,teacher,JustRL-DeepSeek-1.5B,4,0.54217269858311867,54.217269858311866,54.2,0.35833333333333334,35.833333333333336,35.8
Math,justrl,aime_2026,teacher,JustRL-DeepSeek-1.5B,8,0.59570911590959119,59.57091159095912,59.6,0.36249999999999999,36.25,36.2
Math,justrl,aime_2026,teacher,JustRL-DeepSeek-1.5B,16,0.6444154413022074,64.441544130220734,64.4,0.37916666666666665,37.916666666666664,37.9
Math,justrl,aime_2026,teacher,JustRL-DeepSeek-1.5B,32,0.69666027606350989,69.666027606350994,69.7,0.38333333333333336,38.333333333333336,38.3
Math,justrl,aime_2026,teacher,JustRL-DeepSeek-1.5B,64,0.74173135970286408,74.17313597028641,74.2,0.38645833333333335,38.645833333333336,38.6
Math,justrl,aime_2026,teacher,JustRL-DeepSeek-1.5B,128,0.77064316600565308,77.064316600565306,77.1,0.38307291666666665,38.307291666666664,38.3
Math,justrl,aime_2026,teacher,JustRL-DeepSeek-1.5B,256,0.78966618059794613,78.966618059794612,79.0,0.37955729166666669,37.955729166666671,38.0
Math,justrl,aime_2026,teacher,JustRL-DeepSeek-1.5B,512,0.79923168397797451,79.923168397797454,79.9,0.3798828125,37.98828125,38.0
Math,justrl,aime_2026,teacher,JustRL-DeepSeek-1.5B,1024,0.80000000000000004,80,80.0,0.37981770833333334,37.981770833333336,38.0
Math,justrl,amc_2023,base,DeepSeek-R1-Distill-Qwen-1.5B,1,0.72231445312499998,72.2314453125,72.2,0.80000000000000004,80,80.0
Math,justrl,amc_2023,base,DeepSeek-R1-Distill-Qwen-1.5B,2,0.82483108237108993,82.483108237108993,82.5,0.73750000000000004,73.75,73.8
Math,justrl,amc_2023,base,DeepSeek-R1-Distill-Qwen-1.5B,4,0.89771393470041616,89.771393470041616,89.8,0.69999999999999996,70,70.0
Math,justrl,amc_2023,base,DeepSeek-R1-Distill-Qwen-1.5B,8,0.93642317374673001,93.642317374672999,93.6,0.71562499999999996,71.5625,71.6
Math,justrl,amc_2023,base,DeepSeek-R1-Distill-Qwen-1.5B,16,0.95328193640143777,95.32819364014378,95.3,0.72812500000000002,72.8125,72.8
Math,justrl,amc_2023,base,DeepSeek-R1-Distill-Qwen-1.5B,32,0.96221824994193705,96.22182499419371,96.2,0.72109374999999998,72.109375,72.1
Math,justrl,amc_2023,base,DeepSeek-R1-Distill-Qwen-1.5B,64,0.97203481365499766,97.203481365499769,97.2,0.71796875000000004,71.796875,71.8
Math,justrl,amc_2023,base,DeepSeek-R1-Distill-Qwen-1.5B,128,0.98490798731570783,98.490798731570777,98.5,0.72304687499999998,72.3046875,72.3
Math,justrl,amc_2023,base,DeepSeek-R1-Distill-Qwen-1.5B,256,0.99613279755609907,99.613279755609909,99.6,0.7236328125,72.36328125,72.4
Math,justrl,amc_2023,base,DeepSeek-R1-Distill-Qwen-1.5B,512,0.99988164226865706,99.988164226865706,100.0,0.72324218750000002,72.32421875,72.3
Math,justrl,amc_2023,base,DeepSeek-R1-Distill-Qwen-1.5B,1024,1,100,100.0,0.72231445312499998,72.2314453125,72.2
Math,justrl,amc_2023,opd,DeepSeek-R1-Distill-Qwen-1.5B-OPD-step260,1,0.87592773437500004,87.5927734375,87.6,0.82499999999999996,82.5,82.5
Math,justrl,amc_2023,opd,DeepSeek-R1-Distill-Qwen-1.5B-OPD-step260,2,0.92877136409457473,92.877136409457478,92.9,0.82499999999999996,82.5,82.5
Math,justrl,amc_2023,opd,DeepSeek-R1-Distill-Qwen-1.5B-OPD-step260,4,0.9492463732048203,94.924637320482034,94.9,0.85624999999999996,85.625,85.6
Math,justrl,amc_2023,opd,DeepSeek-R1-Distill-Qwen-1.5B-OPD-step260,8,0.95618762927042877,95.61876292704288,95.6,0.85624999999999996,85.625,85.6
Math,justrl,amc_2023,opd,DeepSeek-R1-Distill-Qwen-1.5B-OPD-step260,16,0.96212655404438285,96.21265540443828,96.2,0.86875000000000002,86.875,86.9
Math,justrl,amc_2023,opd,DeepSeek-R1-Distill-Qwen-1.5B-OPD-step260,32,0.97144171289451586,97.144171289451592,97.1,0.86796874999999996,86.796875,86.8
Math,justrl,amc_2023,opd,DeepSeek-R1-Distill-Qwen-1.5B-OPD-step260,64,0.98398347453252444,98.398347453252441,98.4,0.86992187499999996,86.9921875,87.0
Math,justrl,amc_2023,opd,DeepSeek-R1-Distill-Qwen-1.5B-OPD-step260,128,0.99525481573098185,99.52548157309819,99.5,0.87460937500000002,87.4609375,87.5
Math,justrl,amc_2023,opd,DeepSeek-R1-Distill-Qwen-1.5B-OPD-step260,256,0.99968631057390778,99.96863105739078,100.0,0.87285156249999996,87.28515625,87.3
Math,justrl,amc_2023,opd,DeepSeek-R1-Distill-Qwen-1.5B-OPD-step260,512,0.99999975143294106,99.999975143294108,100.0,0.87456054687499996,87.4560546875,87.5
Math,justrl,amc_2023,opd,DeepSeek-R1-Distill-Qwen-1.5B-OPD-step260,1024,1,100,100.0,0.87592773437500004,87.5927734375,87.6
Math,justrl,amc_2023,teacher,JustRL-DeepSeek-1.5B,1,0.90449218750000004,90.44921875,90.4,0.82499999999999996,82.5,82.5
Math,justrl,amc_2023,teacher,JustRL-DeepSeek-1.5B,2,0.94129064714687194,94.129064714687189,94.1,0.84999999999999998,85,85.0
Math,justrl,amc_2023,teacher,JustRL-DeepSeek-1.5B,4,0.95349480473183923,95.349480473183917,95.3,0.89375000000000004,89.375,89.4
Math,justrl,amc_2023,teacher,JustRL-DeepSeek-1.5B,8,0.95909259015440829,95.909259015440824,95.9,0.90000000000000002,90,90.0
Math,justrl,amc_2023,teacher,JustRL-DeepSeek-1.5B,16,0.96657816488386239,96.657816488386246,96.7,0.90156250000000004,90.15625,90.2
Math,justrl,amc_2023,teacher,JustRL-DeepSeek-1.5B,32,0.97762665163052265,97.762665163052262,97.8,0.90781250000000002,90.78125,90.8
Math,justrl,amc_2023,teacher,JustRL-DeepSeek-1.5B,64,0.98993105795176262,98.993105795176263,99.0,0.90468749999999998,90.46875,90.5
Math,justrl,amc_2023,teacher,JustRL-DeepSeek-1.5B,128,0.99794292110995375,99.794292110995372,99.8,0.90625,90.625,90.6
Math,justrl,amc_2023,teacher,JustRL-DeepSeek-1.5B,256,0.99992267622816755,99.992267622816755,100.0,0.90371093749999998,90.37109375,90.4
Math,justrl,amc_2023,teacher,JustRL-DeepSeek-1.5B,512,0.99999998025991255,99.99999802599126,100.0,0.90493164062499998,90.4931640625,90.5
Math,justrl,amc_2023,teacher,JustRL-DeepSeek-1.5B,1024,1,100,100.0,0.90449218750000004,90.44921875,90.4
Math,qwen3_grpo,aime_2024,base,Qwen3-1.7B-Base,1,0.041959635416666669,4.195963541666667,4.2,0,0,0.0
Math,qwen3_grpo,aime_2024,base,Qwen3-1.7B-Base,2,0.069980678763440857,6.998067876344086,7.0,0.016666666666666666,1.6666666666666667,1.7
Math,qwen3_grpo,aime_2024,base,Qwen3-1.7B-Base,4,0.10857030749307237,10.857030749307237,10.9,0.025000000000000001,2.5,2.5
Math,qwen3_grpo,aime_2024,base,Qwen3-1.7B-Base,8,0.15967041626547271,15.967041626547271,16.0,0.041666666666666664,4.1666666666666661,4.2
Math,qwen3_grpo,aime_2024,base,Qwen3-1.7B-Base,16,0.22023415202095564,22.023415202095563,22.0,0.04583333333333333,4.583333333333333,4.6
Math,qwen3_grpo,aime_2024,base,Qwen3-1.7B-Base,32,0.28236582778043456,28.236582778043456,28.2,0.046875,4.6875,4.7
Math,qwen3_grpo,aime_2024,base,Qwen3-1.7B-Base,64,0.3503448384885009,35.034483848850087,35.0,0.042187500000000003,4.21875,4.2
Math,qwen3_grpo,aime_2024,base,Qwen3-1.7B-Base,128,0.42942577274934668,42.942577274934671,42.9,0.041666666666666664,4.1666666666666661,4.2
Math,qwen3_grpo,aime_2024,base,Qwen3-1.7B-Base,256,0.51601452066244136,51.601452066244136,51.6,0.04205729166666667,4.205729166666667,4.2
Math,qwen3_grpo,aime_2024,base,Qwen3-1.7B-Base,512,0.61045867108167151,61.045867108167151,61.0,0.042643229166666664,4.2643229166666661,4.3
Math,qwen3_grpo,aime_2024,base,Qwen3-1.7B-Base,1024,0.69999999999999996,70,70.0,0.041959635416666669,4.195963541666667,4.2
Math,qwen3_grpo,aime_2024,opd,Qwen3-1.7B-Base-OPD,1,0.12005208333333334,12.005208333333334,12.0,0.10000000000000001,10,10.0
Math,qwen3_grpo,aime_2024,opd,Qwen3-1.7B-Base-OPD,2,0.16671242414059956,16.671242414059957,16.7,0.11666666666666667,11.666666666666666,11.7
Math,qwen3_grpo,aime_2024,opd,Qwen3-1.7B-Base-OPD,4,0.20914425728060082,20.914425728060081,20.9,0.10833333333333334,10.833333333333334,10.8
Math,qwen3_grpo,aime_2024,opd,Qwen3-1.7B-Base-OPD,8,0.24242685346852036,24.242685346852035,24.2,0.10416666666666667,10.416666666666668,10.4
Math,qwen3_grpo,aime_2024,opd,Qwen3-1.7B-Base-OPD,16,0.27288750759127978,27.288750759127979,27.3,0.1125,11.25,11.2
Math,qwen3_grpo,aime_2024,opd,Qwen3-1.7B-Base-OPD,32,0.30469778268870185,30.469778268870186,30.5,0.11458333333333333,11.458333333333332,11.5
Math,qwen3_grpo,aime_2024,opd,Qwen3-1.7B-Base-OPD,64,0.33566272529526486,33.566272529526486,33.6,0.11458333333333333,11.458333333333332,11.5
Math,qwen3_grpo,aime_2024,opd,Qwen3-1.7B-Base-OPD,128,0.37007967477435083,37.007967477435081,37.0,0.11276041666666667,11.276041666666666,11.3
Math,qwen3_grpo,aime_2024,opd,Qwen3-1.7B-Base-OPD,256,0.41640260012353614,41.640260012353615,41.6,0.11653645833333333,11.653645833333332,11.7
Math,qwen3_grpo,aime_2024,opd,Qwen3-1.7B-Base-OPD,512,0.47282664697757942,47.282664697757944,47.3,0.1181640625,11.81640625,11.8
Math,qwen3_grpo,aime_2024,opd,Qwen3-1.7B-Base-OPD,1024,0.53333333333333333,53.333333333333336,53.3,0.12005208333333334,12.005208333333334,12.0
Math,qwen3_grpo,aime_2024,teacher,Qwen3-4B-Base-GRPO,1,0.24153645833333334,24.153645833333336,24.2,0.26666666666666666,26.666666666666668,26.7
Math,qwen3_grpo,aime_2024,teacher,Qwen3-4B-Base-GRPO,2,0.30724221804740959,30.72422180474096,30.7,0.28333333333333333,28.333333333333332,28.3
Math,qwen3_grpo,aime_2024,teacher,Qwen3-4B-Base-GRPO,4,0.37222768276224083,37.22276827622408,37.2,0.28333333333333333,28.333333333333332,28.3
Math,qwen3_grpo,aime_2024,teacher,Qwen3-4B-Base-GRPO,8,0.44371355305016302,44.371355305016301,44.4,0.25,25,25.0
Math,qwen3_grpo,aime_2024,teacher,Qwen3-4B-Base-GRPO,16,0.51751049740284305,51.751049740284301,51.8,0.24166666666666667,24.166666666666668,24.2
Math,qwen3_grpo,aime_2024,teacher,Qwen3-4B-Base-GRPO,32,0.58154614022564266,58.154614022564267,58.2,0.24270833333333333,24.270833333333332,24.3
Math,qwen3_grpo,aime_2024,teacher,Qwen3-4B-Base-GRPO,64,0.63129389434489025,63.129389434489028,63.1,0.24374999999999999,24.375,24.4
Math,qwen3_grpo,aime_2024,teacher,Qwen3-4B-Base-GRPO,128,0.67076847954231933,67.076847954231937,67.1,0.24374999999999999,24.375,24.4
Math,qwen3_grpo,aime_2024,teacher,Qwen3-4B-Base-GRPO,256,0.70413969358624107,70.413969358624101,70.4,0.24322916666666666,24.322916666666668,24.3
Math,qwen3_grpo,aime_2024,teacher,Qwen3-4B-Base-GRPO,512,0.73726503282353184,73.726503282353178,73.7,0.24114583333333334,24.114583333333332,24.1
Math,qwen3_grpo,aime_2024,teacher,Qwen3-4B-Base-GRPO,1024,0.76666666666666672,76.666666666666671,76.7,0.24153645833333334,24.153645833333336,24.2
Math,qwen3_grpo,aime_2025,base,Qwen3-1.7B-Base,1,0.030631510416666667,3.0631510416666665,3.1,0.066666666666666666,6.666666666666667,6.7
Math,qwen3_grpo,aime_2025,base,Qwen3-1.7B-Base,2,0.05256222761893125,5.2562227618931248,5.3,0.033333333333333333,3.3333333333333335,3.3
Math,qwen3_grpo,aime_2025,base,Qwen3-1.7B-Base,4,0.08340936624656474,8.3409366246564733,8.3,0.016666666666666666,1.6666666666666667,1.7
Math,qwen3_grpo,aime_2025,base,Qwen3-1.7B-Base,8,0.12448989868915236,12.448989868915236,12.4,0.020833333333333332,2.083333333333333,2.1
Math,qwen3_grpo,aime_2025,base,Qwen3-1.7B-Base,16,0.17689970820700734,17.689970820700733,17.7,0.018749999999999999,1.875,1.9
Math,qwen3_grpo,aime_2025,base,Qwen3-1.7B-Base,32,0.23451354668517005,23.451354668517006,23.5,0.028125000000000001,2.8125,2.8
Math,qwen3_grpo,aime_2025,base,Qwen3-1.7B-Base,64,0.29614710092115043,29.614710092115043,29.6,0.03125,3.125,3.1
Math,qwen3_grpo,aime_2025,base,Qwen3-1.7B-Base,128,0.37043814814731213,37.043814814731213,37.0,0.029166666666666667,2.9166666666666665,2.9
Math,qwen3_grpo,aime_2025,base,Qwen3-1.7B-Base,256,0.45676957169843035,45.676957169843035,45.7,0.030468749999999999,3.046875,3.0
Math,qwen3_grpo,aime_2025,base,Qwen3-1.7B-Base,512,0.55077513451757265,55.077513451757262,55.1,0.0302734375,3.02734375,3.0
Math,qwen3_grpo,aime_2025,base,Qwen3-1.7B-Base,1024,0.66666666666666663,66.666666666666657,66.7,0.030631510416666667,3.0631510416666665,3.1
Math,qwen3_grpo,aime_2025,opd,Qwen3-1.7B-Base-OPD,1,0.085872395833333337,8.5872395833333339,8.6,0.10000000000000001,10,10.0
Math,qwen3_grpo,aime_2025,opd,Qwen3-1.7B-Base-OPD,2,0.12556118137015315,12.556118137015314,12.6,0.10000000000000001,10,10.0
Math,qwen3_grpo,aime_2025,opd,Qwen3-1.7B-Base-OPD,4,0.17362002385709766,17.362002385709765,17.4,0.10000000000000001,10,10.0
Math,qwen3_grpo,aime_2025,opd,Qwen3-1.7B-Base-OPD,8,0.22175635811417202,22.175635811417202,22.2,0.10000000000000001,10,10.0
Math,qwen3_grpo,aime_2025,opd,Qwen3-1.7B-Base-OPD,16,0.2648317089476559,26.483170894765589,26.5,0.09166666666666666,9.1666666666666661,9.2
Math,qwen3_grpo,aime_2025,opd,Qwen3-1.7B-Base-OPD,32,0.30446416572730411,30.44641657273041,30.4,0.085416666666666669,8.5416666666666661,8.5
Math,qwen3_grpo,aime_2025,opd,Qwen3-1.7B-Base-OPD,64,0.34436918313104736,34.436918313104734,34.4,0.084375000000000006,8.4375,8.4
Math,qwen3_grpo,aime_2025,opd,Qwen3-1.7B-Base-OPD,128,0.38957545383820991,38.957545383820992,39.0,0.082812499999999997,8.28125,8.3
Math,qwen3_grpo,aime_2025,opd,Qwen3-1.7B-Base-OPD,256,0.44602208819066386,44.602208819066384,44.6,0.08385416666666666,8.3854166666666661,8.4
Math,qwen3_grpo,aime_2025,opd,Qwen3-1.7B-Base-OPD,512,0.51229146163262629,51.229146163262627,51.2,0.086328125000000006,8.6328125,8.6
Math,qwen3_grpo,aime_2025,opd,Qwen3-1.7B-Base-OPD,1024,0.56666666666666665,56.666666666666664,56.7,0.085872395833333337,8.5872395833333339,8.6
Math,qwen3_grpo,aime_2025,teacher,Qwen3-4B-Base-GRPO,1,0.20624999999999999,20.625,20.6,0.16666666666666666,16.666666666666664,16.7
Math,qwen3_grpo,aime_2025,teacher,Qwen3-4B-Base-GRPO,2,0.25959163204626917,25.959163204626918,26.0,0.18333333333333332,18.333333333333332,18.3
Math,qwen3_grpo,aime_2025,teacher,Qwen3-4B-Base-GRPO,4,0.31059746061380311,31.059746061380309,31.1,0.18333333333333332,18.333333333333332,18.3
Math,qwen3_grpo,aime_2025,teacher,Qwen3-4B-Base-GRPO,8,0.36926322407227274,36.926322407227275,36.9,0.19166666666666668,19.166666666666668,19.2
Math,qwen3_grpo,aime_2025,teacher,Qwen3-4B-Base-GRPO,16,0.43815582502108569,43.815582502108569,43.8,0.20000000000000001,20,20.0
Math,qwen3_grpo,aime_2025,teacher,Qwen3-4B-Base-GRPO,32,0.50938422073936862,50.938422073936863,50.9,0.20520833333333333,20.520833333333332,20.5
Math,qwen3_grpo,aime_2025,teacher,Qwen3-4B-Base-GRPO,64,0.58022478568166502,58.022478568166505,58.0,0.20052083333333334,20.052083333333336,20.1
Math,qwen3_grpo,aime_2025,teacher,Qwen3-4B-Base-GRPO,128,0.65331176072346098,65.331176072346096,65.3,0.20416666666666666,20.416666666666668,20.4
Math,qwen3_grpo,aime_2025,teacher,Qwen3-4B-Base-GRPO,256,0.72232352408889189,72.232352408889184,72.2,0.20468749999999999,20.46875,20.5
Math,qwen3_grpo,aime_2025,teacher,Qwen3-4B-Base-GRPO,512,0.7760315551711181,77.603155517111816,77.6,0.20455729166666667,20.455729166666668,20.5
Math,qwen3_grpo,aime_2025,teacher,Qwen3-4B-Base-GRPO,1024,0.80000000000000004,80,80.0,0.20624999999999999,20.625,20.6
Math,qwen3_grpo,aime_2026,base,Qwen3-1.7B-Base,1,0.027897135416666666,2.7897135416666665,2.8,0.033333333333333333,3.3333333333333335,3.3
Math,qwen3_grpo,aime_2026,base,Qwen3-1.7B-Base,2,0.048979207396546112,4.8979207396546114,4.9,0.016666666666666666,1.6666666666666667,1.7
Math,qwen3_grpo,aime_2026,base,Qwen3-1.7B-Base,4,0.077821529814792859,7.7821529814792862,7.8,0.0083333333333333332,0.83333333333333337,0.8
Math,qwen3_grpo,aime_2026,base,Qwen3-1.7B-Base,8,0.10881816982353205,10.881816982353206,10.9,0.012500000000000001,1.25,1.2
Math,qwen3_grpo,aime_2026,base,Qwen3-1.7B-Base,16,0.13881616981423922,13.881616981423923,13.9,0.014583333333333334,1.4583333333333333,1.5
Math,qwen3_grpo,aime_2026,base,Qwen3-1.7B-Base,32,0.17699504387914713,17.699504387914715,17.7,0.016666666666666666,1.6666666666666667,1.7
Math,qwen3_grpo,aime_2026,base,Qwen3-1.7B-Base,64,0.2357712470469629,23.577124704696288,23.6,0.021874999999999999,2.1875,2.2
Math,qwen3_grpo,aime_2026,base,Qwen3-1.7B-Base,128,0.31821751872067694,31.821751872067694,31.8,0.027083333333333334,2.7083333333333335,2.7
Math,qwen3_grpo,aime_2026,base,Qwen3-1.7B-Base,256,0.41369371342240002,41.369371342240001,41.4,0.027473958333333333,2.7473958333333335,2.7
Math,qwen3_grpo,aime_2026,base,Qwen3-1.7B-Base,512,0.50358407794075621,50.358407794075625,50.4,0.026627604166666666,2.6627604166666665,2.7
Math,qwen3_grpo,aime_2026,base,Qwen3-1.7B-Base,1024,0.56666666666666665,56.666666666666664,56.7,0.027897135416666666,2.7897135416666665,2.8
Math,qwen3_grpo,aime_2026,opd,Qwen3-1.7B-Base-OPD,1,0.07421875,7.421875,7.4,0.066666666666666666,6.666666666666667,6.7
Math,qwen3_grpo,aime_2026,opd,Qwen3-1.7B-Base-OPD,2,0.11377560891169762,11.377560891169763,11.4,0.066666666666666666,6.666666666666667,6.7
Math,qwen3_grpo,aime_2026,opd,Qwen3-1.7B-Base-OPD,4,0.15295653038933577,15.295653038933576,15.3,0.09166666666666666,9.1666666666666661,9.2
Math,qwen3_grpo,aime_2026,opd,Qwen3-1.7B-Base-OPD,8,0.18771245678000231,18.771245678000231,18.8,0.09166666666666666,9.1666666666666661,9.2
Math,qwen3_grpo,aime_2026,opd,Qwen3-1.7B-Base-OPD,16,0.22467186221663957,22.467186221663958,22.5,0.081250000000000003,8.125,8.1
Math,qwen3_grpo,aime_2026,opd,Qwen3-1.7B-Base-OPD,32,0.2663325919394714,26.63325919394714,26.6,0.067708333333333329,6.770833333333333,6.8
Math,qwen3_grpo,aime_2026,opd,Qwen3-1.7B-Base-OPD,64,0.31182723437465548,31.182723437465548,31.2,0.0703125,7.03125,7.0
Math,qwen3_grpo,aime_2026,opd,Qwen3-1.7B-Base-OPD,128,0.36907208283620296,36.907208283620299,36.9,0.070572916666666666,7.057291666666667,7.1
Math,qwen3_grpo,aime_2026,opd,Qwen3-1.7B-Base-OPD,256,0.4399664474442917,43.996644744429169,44.0,0.071874999999999994,7.1874999999999991,7.2
Math,qwen3_grpo,aime_2026,opd,Qwen3-1.7B-Base-OPD,512,0.51118774564034819,51.118774564034823,51.1,0.072981770833333334,7.298177083333333,7.3
Math,qwen3_grpo,aime_2026,opd,Qwen3-1.7B-Base-OPD,1024,0.56666666666666665,56.666666666666664,56.7,0.07421875,7.421875,7.4
Math,qwen3_grpo,aime_2026,teacher,Qwen3-4B-Base-GRPO,1,0.1865234375,18.65234375,18.7,0.23333333333333334,23.333333333333332,23.3
Math,qwen3_grpo,aime_2026,teacher,Qwen3-4B-Base-GRPO,2,0.24617368238840012,24.617368238840012,24.6,0.23333333333333334,23.333333333333332,23.3
Math,qwen3_grpo,aime_2026,teacher,Qwen3-4B-Base-GRPO,4,0.30052408799658342,30.052408799658341,30.1,0.18333333333333332,18.333333333333332,18.3
Math,qwen3_grpo,aime_2026,teacher,Qwen3-4B-Base-GRPO,8,0.34760875981641248,34.760875981641249,34.8,0.19583333333333333,19.583333333333332,19.6
Math,qwen3_grpo,aime_2026,teacher,Qwen3-4B-Base-GRPO,16,0.39766402683342339,39.766402683342342,39.8,0.20208333333333334,20.208333333333332,20.2
Math,qwen3_grpo,aime_2026,teacher,Qwen3-4B-Base-GRPO,32,0.45232497908338765,45.232497908338765,45.2,0.19791666666666666,19.791666666666664,19.8
Math,qwen3_grpo,aime_2026,teacher,Qwen3-4B-Base-GRPO,64,0.50966553394200786,50.966553394200787,51.0,0.18854166666666666,18.854166666666668,18.9
Math,qwen3_grpo,aime_2026,teacher,Qwen3-4B-Base-GRPO,128,0.57656912280523032,57.656912280523031,57.7,0.18776041666666668,18.776041666666668,18.8
Math,qwen3_grpo,aime_2026,teacher,Qwen3-4B-Base-GRPO,256,0.65110308226931313,65.110308226931309,65.1,0.1875,18.75,18.8
Math,qwen3_grpo,aime_2026,teacher,Qwen3-4B-Base-GRPO,512,0.72007510422777599,72.0075104227776,72.0,0.18606770833333333,18.606770833333332,18.6
Math,qwen3_grpo,aime_2026,teacher,Qwen3-4B-Base-GRPO,1024,0.76666666666666672,76.666666666666671,76.7,0.1865234375,18.65234375,18.7
Math,qwen3_grpo,amc_2023,base,Qwen3-1.7B-Base,1,0.32275390625,32.275390625,32.3,0.29999999999999999,30,30.0
Math,qwen3_grpo,amc_2023,base,Qwen3-1.7B-Base,2,0.44394746036473609,44.394746036473606,44.4,0.29999999999999999,30,30.0
Math,qwen3_grpo,amc_2023,base,Qwen3-1.7B-Base,4,0.56323245335730487,56.323245335730491,56.3,0.28125,28.125,28.1
Math,qwen3_grpo,amc_2023,base,Qwen3-1.7B-Base,8,0.66801523221475434,66.801523221475435,66.8,0.31562499999999999,31.5625,31.6
Math,qwen3_grpo,amc_2023,base,Qwen3-1.7B-Base,16,0.75777284946495116,75.777284946495115,75.8,0.3203125,32.03125,32.0
Math,qwen3_grpo,amc_2023,base,Qwen3-1.7B-Base,32,0.83533127033544341,83.533127033544346,83.5,0.32343749999999999,32.34375,32.3
Math,qwen3_grpo,amc_2023,base,Qwen3-1.7B-Base,64,0.89688014001551308,89.688014001551309,89.7,0.31601562500000002,31.601562500000004,31.6
Math,qwen3_grpo,amc_2023,base,Qwen3-1.7B-Base,128,0.94280685692431798,94.280685692431803,94.3,0.32148437499999999,32.1484375,32.1
Math,qwen3_grpo,amc_2023,base,Qwen3-1.7B-Base,256,0.97700221965710221,97.700221965710227,97.7,0.32197265624999999,32.197265625,32.2
Math,qwen3_grpo,amc_2023,base,Qwen3-1.7B-Base,512,0.99585983928870603,99.585983928870604,99.6,0.32216796874999998,32.216796875,32.2
Math,qwen3_grpo,amc_2023,base,Qwen3-1.7B-Base,1024,1,100,100.0,0.32275390625,32.275390625,32.3
Math,qwen3_grpo,amc_2023,opd,Qwen3-1.7B-Base-OPD,1,0.45439453125000001,45.439453125,45.4,0.5,50,50.0
Math,qwen3_grpo,amc_2023,opd,Qwen3-1.7B-Base-OPD,2,0.55412857786534697,55.412857786534694,55.4,0.48749999999999999,48.75,48.8
Math,qwen3_grpo,amc_2023,opd,Qwen3-1.7B-Base-OPD,4,0.63860597730400281,63.860597730400279,63.9,0.47499999999999998,47.5,47.5
Math,qwen3_grpo,amc_2023,opd,Qwen3-1.7B-Base-OPD,8,0.71731553743606524,71.731553743606526,71.7,0.47812500000000002,47.8125,47.8
Math,qwen3_grpo,amc_2023,opd,Qwen3-1.7B-Base-OPD,16,0.78679414241821288,78.679414241821291,78.7,0.46875,46.875,46.9
Math,qwen3_grpo,amc_2023,opd,Qwen3-1.7B-Base-OPD,32,0.83382700755537564,83.38270075553757,83.4,0.46328124999999998,46.328125,46.3
Math,qwen3_grpo,amc_2023,opd,Qwen3-1.7B-Base-OPD,64,0.8655508083874458,86.555080838744587,86.6,0.46015624999999999,46.015625,46.0
Math,qwen3_grpo,amc_2023,opd,Qwen3-1.7B-Base-OPD,128,0.89224795850536165,89.224795850536168,89.2,0.45585937500000001,45.5859375,45.6
Math,qwen3_grpo,amc_2023,opd,Qwen3-1.7B-Base-OPD,256,0.91047002490955797,91.047002490955791,91.0,0.45917968749999999,45.91796875,45.9
Math,qwen3_grpo,amc_2023,opd,Qwen3-1.7B-Base-OPD,512,0.92497508178345433,92.497508178345427,92.5,0.45590820312500002,45.5908203125,45.6
Math,qwen3_grpo,amc_2023,opd,Qwen3-1.7B-Base-OPD,1024,0.94999999999999996,95,95.0,0.45439453125000001,45.439453125,45.4
Math,qwen3_grpo,amc_2023,teacher,Qwen3-4B-Base-GRPO,1,0.65561523437500002,65.5615234375,65.6,0.69999999999999996,70,70.0
Math,qwen3_grpo,amc_2023,teacher,Qwen3-4B-Base-GRPO,2,0.76874890220246828,76.874890220246826,76.9,0.75,75,75.0
Math,qwen3_grpo,amc_2023,teacher,Qwen3-4B-Base-GRPO,4,0.85074835472700261,85.074835472700258,85.1,0.74375000000000002,74.375,74.4
Math,qwen3_grpo,amc_2023,teacher,Qwen3-4B-Base-GRPO,8,0.89673133642234959,89.673133642234959,89.7,0.72187500000000004,72.1875,72.2
Math,qwen3_grpo,amc_2023,teacher,Qwen3-4B-Base-GRPO,16,0.92158981908572013,92.158981908572017,92.2,0.671875,67.1875,67.2
Math,qwen3_grpo,amc_2023,teacher,Qwen3-4B-Base-GRPO,32,0.93953968179817915,93.95396817981792,94.0,0.67109375000000004,67.109375,67.1
Math,qwen3_grpo,amc_2023,teacher,Qwen3-4B-Base-GRPO,64,0.9566693911499925,95.666939114999252,95.7,0.66015625,66.015625,66.0
Math,qwen3_grpo,amc_2023,teacher,Qwen3-4B-Base-GRPO,128,0.96999295157951892,96.999295157951892,97.0,0.65664062499999998,65.6640625,65.7
Math,qwen3_grpo,amc_2023,teacher,Qwen3-4B-Base-GRPO,256,0.97938921597713435,97.938921597713431,97.9,0.65244140625000002,65.244140625,65.2
Math,qwen3_grpo,amc_2023,teacher,Qwen3-4B-Base-GRPO,512,0.98745287252251635,98.745287252251629,98.7,0.65517578124999998,65.517578125,65.5
Math,qwen3_grpo,amc_2023,teacher,Qwen3-4B-Base-GRPO,1024,1,100,100.0,0.65561523437500002,65.5615234375,65.6
Math,rlmath,aime_2024,base,"Base Qwen3-1.7B (chat, non-thinking)",1,0.13662109375000001,13.662109375,13.7,0.13333333333333333,13.333333333333334,13.3
Math,rlmath,aime_2024,base,"Base Qwen3-1.7B (chat, non-thinking)",2,0.19341913336999023,19.341913336999024,19.3,0.16666666666666666,16.666666666666664,16.7
Math,rlmath,aime_2024,base,"Base Qwen3-1.7B (chat, non-thinking)",4,0.25042110912642074,25.042110912642073,25.0,0.16666666666666666,16.666666666666664,16.7
Math,rlmath,aime_2024,base,"Base Qwen3-1.7B (chat, non-thinking)",8,0.30989024385037761,30.989024385037762,31.0,0.16666666666666666,16.666666666666664,16.7
Math,rlmath,aime_2024,base,"Base Qwen3-1.7B (chat, non-thinking)",16,0.37821058969626709,37.821058969626705,37.8,0.15416666666666667,15.416666666666668,15.4
Math,rlmath,aime_2024,base,"Base Qwen3-1.7B (chat, non-thinking)",32,0.45024790366800344,45.024790366800346,45.0,0.16250000000000001,16.25,16.2
Math,rlmath,aime_2024,base,"Base Qwen3-1.7B (chat, non-thinking)",64,0.51261265416557567,51.261265416557563,51.3,0.14635416666666667,14.635416666666668,14.6
Math,rlmath,aime_2024,base,"Base Qwen3-1.7B (chat, non-thinking)",128,0.5638366458173425,56.383664581734251,56.4,0.13880208333333333,13.880208333333332,13.9
Math,rlmath,aime_2024,base,"Base Qwen3-1.7B (chat, non-thinking)",256,0.6166050087809225,61.66050087809225,61.7,0.13763020833333334,13.763020833333334,13.8
Math,rlmath,aime_2024,base,"Base Qwen3-1.7B (chat, non-thinking)",512,0.68206280539854935,68.20628053985493,68.2,0.13639322916666666,13.639322916666666,13.6
Math,rlmath,aime_2024,base,"Base Qwen3-1.7B (chat, non-thinking)",1024,0.76666666666666672,76.666666666666671,76.7,0.13662109375000001,13.662109375,13.7
Math,rlmath,aime_2024,opd,OPD (step268),1,0.40201822916666669,40.201822916666671,40.2,0.40000000000000002,40,40.0
Math,rlmath,aime_2024,opd,OPD (step268),2,0.48736412766780712,48.73641276678071,48.7,0.43333333333333335,43.333333333333336,43.3
Math,rlmath,aime_2024,opd,OPD (step268),4,0.56125199360913602,56.125199360913605,56.1,0.41666666666666669,41.666666666666671,41.7
Math,rlmath,aime_2024,opd,OPD (step268),8,0.62205812057420007,62.205812057420005,62.2,0.39166666666666666,39.166666666666664,39.2
Math,rlmath,aime_2024,opd,OPD (step268),16,0.66495712862537715,66.495712862537715,66.5,0.39166666666666666,39.166666666666664,39.2
Math,rlmath,aime_2024,opd,OPD (step268),32,0.69946846995051914,69.946846995051914,69.9,0.39583333333333331,39.583333333333329,39.6
Math,rlmath,aime_2024,opd,OPD (step268),64,0.74112469926076574,74.112469926076571,74.1,0.39895833333333336,39.895833333333336,39.9
Math,rlmath,aime_2024,opd,OPD (step268),128,0.78613166845766391,78.613166845766386,78.6,0.40104166666666669,40.104166666666671,40.1
Math,rlmath,aime_2024,opd,OPD (step268),256,0.82123283496757749,82.12328349675775,82.1,0.40338541666666666,40.338541666666664,40.3
Math,rlmath,aime_2024,opd,OPD (step268),512,0.84557436446653522,84.557436446653526,84.6,0.40240885416666666,40.240885416666664,40.2
Math,rlmath,aime_2024,opd,OPD (step268),1024,0.8666666666666667,86.666666666666671,86.7,0.40201822916666669,40.201822916666671,40.2
Math,rlmath,aime_2024,teacher,"Teacher Qwen3-4B-Non-Thinking-RL-Math-Step500 (chat, non-thinking)",1,0.61223958333333328,61.223958333333329,61.2,0.56666666666666665,56.666666666666664,56.7
Math,rlmath,aime_2024,teacher,"Teacher Qwen3-4B-Non-Thinking-RL-Math-Step500 (chat, non-thinking)",2,0.70812382901596616,70.812382901596621,70.8,0.6333333333333333,63.333333333333329,63.3
Math,rlmath,aime_2024,teacher,"Teacher Qwen3-4B-Non-Thinking-RL-Math-Step500 (chat, non-thinking)",4,0.7708301563726716,77.083015637267167,77.1,0.6333333333333333,63.333333333333329,63.3
Math,rlmath,aime_2024,teacher,"Teacher Qwen3-4B-Non-Thinking-RL-Math-Step500 (chat, non-thinking)",8,0.8019857374979128,80.198573749791279,80.2,0.625,62.5,62.5
Math,rlmath,aime_2024,teacher,"Teacher Qwen3-4B-Non-Thinking-RL-Math-Step500 (chat, non-thinking)",16,0.81955774406493076,81.955774406493077,82.0,0.61458333333333337,61.458333333333336,61.5
Math,rlmath,aime_2024,teacher,"Teacher Qwen3-4B-Non-Thinking-RL-Math-Step500 (chat, non-thinking)",32,0.83298594415325877,83.29859441532588,83.3,0.61250000000000004,61.250000000000007,61.3
Math,rlmath,aime_2024,teacher,"Teacher Qwen3-4B-Non-Thinking-RL-Math-Step500 (chat, non-thinking)",64,0.84356217443399617,84.356217443399615,84.4,0.6171875,61.71875,61.7
Math,rlmath,aime_2024,teacher,"Teacher Qwen3-4B-Non-Thinking-RL-Math-Step500 (chat, non-thinking)",128,0.85373373601708458,85.373373601708451,85.4,0.61432291666666672,61.432291666666671,61.4
Math,rlmath,aime_2024,teacher,"Teacher Qwen3-4B-Non-Thinking-RL-Math-Step500 (chat, non-thinking)",256,0.86711563237738309,86.711563237738304,86.7,0.6177083333333333,61.770833333333329,61.8
Math,rlmath,aime_2024,teacher,"Teacher Qwen3-4B-Non-Thinking-RL-Math-Step500 (chat, non-thinking)",512,0.88230183417697239,88.230183417697233,88.2,0.61399739583333335,61.399739583333336,61.4
Math,rlmath,aime_2024,teacher,"Teacher Qwen3-4B-Non-Thinking-RL-Math-Step500 (chat, non-thinking)",1024,0.90000000000000002,90,90.0,0.61223958333333328,61.223958333333329,61.2
Math,rlmath,aime_2025,base,"Base Qwen3-1.7B (chat, non-thinking)",1,0.10071614583333334,10.071614583333334,10.1,0.10000000000000001,10,10.0
Math,rlmath,aime_2025,base,"Base Qwen3-1.7B (chat, non-thinking)",2,0.14057192387585532,14.057192387585532,14.1,0.11666666666666667,11.666666666666666,11.7
Math,rlmath,aime_2025,base,"Base Qwen3-1.7B (chat, non-thinking)",4,0.18022236772322742,18.022236772322742,18.0,0.11666666666666667,11.666666666666666,11.7
Math,rlmath,aime_2025,base,"Base Qwen3-1.7B (chat, non-thinking)",8,0.22308291983954323,22.308291983954323,22.3,0.10416666666666667,10.416666666666668,10.4
Math,rlmath,aime_2025,base,"Base Qwen3-1.7B (chat, non-thinking)",16,0.27665661683463794,27.665661683463792,27.7,0.09375,9.375,9.4
Math,rlmath,aime_2025,base,"Base Qwen3-1.7B (chat, non-thinking)",32,0.3434015767973933,34.340157679739328,34.3,0.087499999999999994,8.75,8.8
Math,rlmath,aime_2025,base,"Base Qwen3-1.7B (chat, non-thinking)",64,0.41573764502568372,41.573764502568373,41.6,0.10104166666666667,10.104166666666666,10.1
Math,rlmath,aime_2025,base,"Base Qwen3-1.7B (chat, non-thinking)",128,0.48540414897973833,48.540414897973832,48.5,0.10364583333333334,10.364583333333334,10.4
Math,rlmath,aime_2025,base,"Base Qwen3-1.7B (chat, non-thinking)",256,0.55685446563593322,55.685446563593324,55.7,0.10117187499999999,10.1171875,10.1
Math,rlmath,aime_2025,base,"Base Qwen3-1.7B (chat, non-thinking)",512,0.6318328452847215,63.18328452847215,63.2,0.10071614583333334,10.071614583333334,10.1
Math,rlmath,aime_2025,base,"Base Qwen3-1.7B (chat, non-thinking)",1024,0.69999999999999996,70,70.0,0.10071614583333334,10.071614583333334,10.1
Math,rlmath,aime_2025,opd,OPD (step268),1,0.33118489583333333,33.118489583333336,33.1,0.36666666666666664,36.666666666666664,36.7
Math,rlmath,aime_2025,opd,OPD (step268),2,0.39842464463180188,39.842464463180185,39.8,0.33333333333333331,33.333333333333329,33.3
Math,rlmath,aime_2025,opd,OPD (step268),4,0.46699071798618219,46.69907179861822,46.7,0.30833333333333335,30.833333333333336,30.8
Math,rlmath,aime_2025,opd,OPD (step268),8,0.52516619483650717,52.516619483650715,52.5,0.32916666666666666,32.916666666666664,32.9
Math,rlmath,aime_2025,opd,OPD (step268),16,0.57311924549418614,57.311924549418613,57.3,0.31874999999999998,31.874999999999996,31.9
Math,rlmath,aime_2025,opd,OPD (step268),32,0.62216244014505617,62.216244014505619,62.2,0.32395833333333335,32.395833333333336,32.4
Math,rlmath,aime_2025,opd,OPD (step268),64,0.67193169818849718,67.193169818849725,67.2,0.33229166666666665,33.229166666666664,33.2
Math,rlmath,aime_2025,opd,OPD (step268),128,0.70801087954859276,70.80108795485927,70.8,0.32682291666666669,32.682291666666671,32.7
Math,rlmath,aime_2025,opd,OPD (step268),256,0.73003735297157846,73.003735297157846,73.0,0.32916666666666666,32.916666666666664,32.9
Math,rlmath,aime_2025,opd,OPD (step268),512,0.74792124880031252,74.792124880031253,74.8,0.33177083333333335,33.177083333333336,33.2
Math,rlmath,aime_2025,opd,OPD (step268),1024,0.76666666666666672,76.666666666666671,76.7,0.33118489583333333,33.118489583333336,33.1
Math,rlmath,aime_2025,teacher,"Teacher Qwen3-4B-Non-Thinking-RL-Math-Step500 (chat, non-thinking)",1,0.5776692708333333,57.766927083333329,57.8,0.6333333333333333,63.333333333333329,63.3
Math,rlmath,aime_2025,teacher,"Teacher Qwen3-4B-Non-Thinking-RL-Math-Step500 (chat, non-thinking)",2,0.67195932357852717,67.195932357852712,67.2,0.6166666666666667,61.666666666666671,61.7
Math,rlmath,aime_2025,teacher,"Teacher Qwen3-4B-Non-Thinking-RL-Math-Step500 (chat, non-thinking)",4,0.7299232744056916,72.992327440569156,73.0,0.59166666666666667,59.166666666666664,59.2
Math,rlmath,aime_2025,teacher,"Teacher Qwen3-4B-Non-Thinking-RL-Math-Step500 (chat, non-thinking)",8,0.76395450545941945,76.395450545941941,76.4,0.59999999999999998,60,60.0
Math,rlmath,aime_2025,teacher,"Teacher Qwen3-4B-Non-Thinking-RL-Math-Step500 (chat, non-thinking)",16,0.7848103761652131,78.481037616521306,78.5,0.58958333333333335,58.958333333333336,59.0
Math,rlmath,aime_2025,teacher,"Teacher Qwen3-4B-Non-Thinking-RL-Math-Step500 (chat, non-thinking)",32,0.79966414657401597,79.9664146574016,80.0,0.57604166666666667,57.604166666666664,57.6
Math,rlmath,aime_2025,teacher,"Teacher Qwen3-4B-Non-Thinking-RL-Math-Step500 (chat, non-thinking)",64,0.8124555664117743,81.24555664117743,81.2,0.57447916666666665,57.447916666666664,57.4
Math,rlmath,aime_2025,teacher,"Teacher Qwen3-4B-Non-Thinking-RL-Math-Step500 (chat, non-thinking)",128,0.82659044388275549,82.659044388275547,82.7,0.57291666666666663,57.291666666666664,57.3
Math,rlmath,aime_2025,teacher,"Teacher Qwen3-4B-Non-Thinking-RL-Math-Step500 (chat, non-thinking)",256,0.84846344020820708,84.846344020820709,84.8,0.576171875,57.6171875,57.6
Math,rlmath,aime_2025,teacher,"Teacher Qwen3-4B-Non-Thinking-RL-Math-Step500 (chat, non-thinking)",512,0.87919517758227428,87.919517758227428,87.9,0.57604166666666667,57.604166666666664,57.6
Math,rlmath,aime_2025,teacher,"Teacher Qwen3-4B-Non-Thinking-RL-Math-Step500 (chat, non-thinking)",1024,0.90000000000000002,90,90.0,0.5776692708333333,57.766927083333329,57.8
Math,rlmath,aime_2026,base,"Base Qwen3-1.7B (chat, non-thinking)",1,0.091406249999999994,9.140625,9.1,0.066666666666666666,6.666666666666667,6.7
Math,rlmath,aime_2026,base,"Base Qwen3-1.7B (chat, non-thinking)",2,0.13349351631231673,13.349351631231674,13.3,0.10000000000000001,10,10.0
Math,rlmath,aime_2026,base,"Base Qwen3-1.7B (chat, non-thinking)",4,0.17266652391367204,17.266652391367206,17.3,0.10833333333333334,10.833333333333334,10.8
Math,rlmath,aime_2026,base,"Base Qwen3-1.7B (chat, non-thinking)",8,0.21125236576085277,21.125236576085278,21.1,0.10000000000000001,10,10.0
Math,rlmath,aime_2026,base,"Base Qwen3-1.7B (chat, non-thinking)",16,0.25822353259916186,25.822353259916188,25.8,0.087499999999999994,8.75,8.8
Math,rlmath,aime_2026,base,"Base Qwen3-1.7B (chat, non-thinking)",32,0.31139413366042096,31.139413366042096,31.1,0.094791666666666663,9.4791666666666661,9.5
Math,rlmath,aime_2026,base,"Base Qwen3-1.7B (chat, non-thinking)",64,0.36482685168122875,36.482685168122877,36.5,0.097916666666666666,9.7916666666666661,9.8
Math,rlmath,aime_2026,base,"Base Qwen3-1.7B (chat, non-thinking)",128,0.4231026523491439,42.31026523491439,42.3,0.093229166666666669,9.3229166666666661,9.3
Math,rlmath,aime_2026,base,"Base Qwen3-1.7B (chat, non-thinking)",256,0.49946965542584715,49.946965542584714,49.9,0.092968750000000003,9.296875,9.3
Math,rlmath,aime_2026,base,"Base Qwen3-1.7B (chat, non-thinking)",512,0.59798496078069618,59.798496078069618,59.8,0.092968750000000003,9.296875,9.3
Math,rlmath,aime_2026,base,"Base Qwen3-1.7B (chat, non-thinking)",1024,0.69999999999999996,70,70.0,0.091406249999999994,9.140625,9.1
Math,rlmath,aime_2026,opd,OPD (step268),1,0.33450520833333336,33.450520833333336,33.5,0.26666666666666666,26.666666666666668,26.7
Math,rlmath,aime_2026,opd,OPD (step268),2,0.41633955482241775,41.633955482241774,41.6,0.26666666666666666,26.666666666666668,26.7
Math,rlmath,aime_2026,opd,OPD (step268),4,0.48340152524675511,48.34015252467551,48.3,0.29999999999999999,30,30.0
Math,rlmath,aime_2026,opd,OPD (step268),8,0.53767141377543282,53.767141377543282,53.8,0.32916666666666666,32.916666666666664,32.9
Math,rlmath,aime_2026,opd,OPD (step268),16,0.57701327555185822,57.70132755518582,57.7,0.32916666666666666,32.916666666666664,32.9
Math,rlmath,aime_2026,opd,OPD (step268),32,0.60478896396293358,60.478896396293358,60.5,0.32916666666666666,32.916666666666664,32.9
Math,rlmath,aime_2026,opd,OPD (step268),64,0.62835254207010016,62.835254207010017,62.8,0.33385416666666667,33.385416666666664,33.4
Math,rlmath,aime_2026,opd,OPD (step268),128,0.65061224546316687,65.06122454631668,65.1,0.33307291666666666,33.307291666666664,33.3
Math,rlmath,aime_2026,opd,OPD (step268),256,0.67237393793256583,67.237393793256587,67.2,0.33541666666666664,33.541666666666664,33.5
Math,rlmath,aime_2026,opd,OPD (step268),512,0.69792796288233749,69.792796288233745,69.8,0.33391927083333334,33.391927083333336,33.4
Math,rlmath,aime_2026,opd,OPD (step268),1024,0.73333333333333328,73.333333333333329,73.3,0.33450520833333336,33.450520833333336,33.5
Math,rlmath,aime_2026,teacher,"Teacher Qwen3-4B-Non-Thinking-RL-Math-Step500 (chat, non-thinking)",1,0.57757161458333328,57.757161458333329,57.8,0.59999999999999998,60,60.0
Math,rlmath,aime_2026,teacher,"Teacher Qwen3-4B-Non-Thinking-RL-Math-Step500 (chat, non-thinking)",2,0.64602049985744536,64.602049985744543,64.6,0.56666666666666665,56.666666666666664,56.7
Math,rlmath,aime_2026,teacher,"Teacher Qwen3-4B-Non-Thinking-RL-Math-Step500 (chat, non-thinking)",4,0.70224493054384862,70.224493054384865,70.2,0.57499999999999996,57.499999999999993,57.5
Math,rlmath,aime_2026,teacher,"Teacher Qwen3-4B-Non-Thinking-RL-Math-Step500 (chat, non-thinking)",8,0.74285766200801384,74.28576620080139,74.3,0.5541666666666667,55.416666666666671,55.4
Math,rlmath,aime_2026,teacher,"Teacher Qwen3-4B-Non-Thinking-RL-Math-Step500 (chat, non-thinking)",16,0.76756840200717669,76.756840200717676,76.8,0.55833333333333335,55.833333333333336,55.8
Math,rlmath,aime_2026,teacher,"Teacher Qwen3-4B-Non-Thinking-RL-Math-Step500 (chat, non-thinking)",32,0.78807221290323326,78.807221290323326,78.8,0.5697916666666667,56.979166666666671,57.0
Math,rlmath,aime_2026,teacher,"Teacher Qwen3-4B-Non-Thinking-RL-Math-Step500 (chat, non-thinking)",64,0.80742180932842489,80.742180932842487,80.7,0.57552083333333337,57.552083333333336,57.6
Math,rlmath,aime_2026,teacher,"Teacher Qwen3-4B-Non-Thinking-RL-Math-Step500 (chat, non-thinking)",128,0.82531740267006182,82.531740267006185,82.5,0.57942708333333337,57.942708333333336,57.9
Math,rlmath,aime_2026,teacher,"Teacher Qwen3-4B-Non-Thinking-RL-Math-Step500 (chat, non-thinking)",256,0.84688994645245919,84.688994645245913,84.7,0.57773437500000002,57.7734375,57.8
Math,rlmath,aime_2026,teacher,"Teacher Qwen3-4B-Non-Thinking-RL-Math-Step500 (chat, non-thinking)",512,0.87502443775298844,87.502443775298843,87.5,0.57851562499999998,57.8515625,57.9
Math,rlmath,aime_2026,teacher,"Teacher Qwen3-4B-Non-Thinking-RL-Math-Step500 (chat, non-thinking)",1024,0.90000000000000002,90,90.0,0.57757161458333328,57.757161458333329,57.8
Math,rlmath,amc_2023,base,"Base Qwen3-1.7B (chat, non-thinking)",1,0.46079101562500002,46.0791015625,46.1,0.5,50,50.0
Math,rlmath,amc_2023,base,"Base Qwen3-1.7B (chat, non-thinking)",2,0.59242891999633429,59.242891999633429,59.2,0.47499999999999998,47.5,47.5
Math,rlmath,amc_2023,base,"Base Qwen3-1.7B (chat, non-thinking)",4,0.70589825687249541,70.589825687249544,70.6,0.48125000000000001,48.125,48.1
Math,rlmath,amc_2023,base,"Base Qwen3-1.7B (chat, non-thinking)",8,0.79245303448523075,79.245303448523075,79.2,0.47499999999999998,47.5,47.5
Math,rlmath,amc_2023,base,"Base Qwen3-1.7B (chat, non-thinking)",16,0.85194478156758835,85.194478156758834,85.2,0.47031250000000002,47.03125,47.0
Math,rlmath,amc_2023,base,"Base Qwen3-1.7B (chat, non-thinking)",32,0.8958300844865732,89.583008448657324,89.6,0.46953125000000001,46.953125,47.0
Math,rlmath,amc_2023,base,"Base Qwen3-1.7B (chat, non-thinking)",64,0.93194230953222568,93.194230953222572,93.2,0.46523437499999998,46.5234375,46.5
Math,rlmath,amc_2023,base,"Base Qwen3-1.7B (chat, non-thinking)",128,0.96055308344637946,96.05530834463795,96.1,0.4599609375,45.99609375,46.0
Math,rlmath,amc_2023,base,"Base Qwen3-1.7B (chat, non-thinking)",256,0.98090011718960679,98.090011718960682,98.1,0.46269531250000001,46.26953125,46.3
Math,rlmath,amc_2023,base,"Base Qwen3-1.7B (chat, non-thinking)",512,0.99532925316932896,99.532925316932904,99.5,0.46250000000000002,46.25,46.2
Math,rlmath,amc_2023,base,"Base Qwen3-1.7B (chat, non-thinking)",1024,1,100,100.0,0.46079101562500002,46.0791015625,46.1
Math,rlmath,amc_2023,opd,OPD (step268),1,0.82539062500000004,82.5390625,82.5,0.80000000000000004,80,80.0
Math,rlmath,amc_2023,opd,OPD (step268),2,0.88905366988941836,88.905366988941836,88.9,0.8125,81.25,81.2
Math,rlmath,amc_2023,opd,OPD (step268),4,0.92614212977711707,92.614212977711702,92.6,0.80625000000000002,80.625,80.6
Math,rlmath,amc_2023,opd,OPD (step268),8,0.94591996916381338,94.591996916381333,94.6,0.82187500000000002,82.1875,82.2
Math,rlmath,amc_2023,opd,OPD (step268),16,0.95481317845764724,95.481317845764721,95.5,0.8125,81.25,81.2
Math,rlmath,amc_2023,opd,OPD (step268),32,0.95999975305313257,95.999975305313257,96.0,0.81328124999999996,81.328125,81.3
Math,rlmath,amc_2023,opd,OPD (step268),64,0.9661681434340833,96.616814343408336,96.6,0.82148437500000004,82.1484375,82.1
Math,rlmath,amc_2023,opd,OPD (step268),128,0.97209785756087119,97.209785756087115,97.2,0.822265625,82.2265625,82.2
Math,rlmath,amc_2023,opd,OPD (step268),256,0.97475914638393835,97.475914638393832,97.5,0.82353515624999996,82.353515625,82.4
Math,rlmath,amc_2023,opd,OPD (step268),512,0.9749996613259142,97.499966132591425,97.5,0.82529296875000002,82.529296875,82.5
Math,rlmath,amc_2023,opd,OPD (step268),1024,0.97499999999999998,97.5,97.5,0.82539062500000004,82.5390625,82.5
Math,rlmath,amc_2023,teacher,"Teacher Qwen3-4B-Non-Thinking-RL-Math-Step500 (chat, non-thinking)",1,0.94743652343749996,94.74365234375,94.7,0.97499999999999998,97.5,97.5
Math,rlmath,amc_2023,teacher,"Teacher Qwen3-4B-Non-Thinking-RL-Math-Step500 (chat, non-thinking)",2,0.96342401140945744,96.342401140945739,96.3,0.97499999999999998,97.5,97.5
Math,rlmath,amc_2023,teacher,"Teacher Qwen3-4B-Non-Thinking-RL-Math-Step500 (chat, non-thinking)",4,0.97031704063874447,97.031704063874443,97.0,0.95625000000000004,95.625,95.6
Math,rlmath,amc_2023,teacher,"Teacher Qwen3-4B-Non-Thinking-RL-Math-Step500 (chat, non-thinking)",8,0.97413180997831117,97.41318099783112,97.4,0.94999999999999996,95,95.0
Math,rlmath,amc_2023,teacher,"Teacher Qwen3-4B-Non-Thinking-RL-Math-Step500 (chat, non-thinking)",16,0.97497083045954203,97.497083045954199,97.5,0.94843750000000004,94.84375,94.8
Math,rlmath,amc_2023,teacher,"Teacher Qwen3-4B-Non-Thinking-RL-Math-Step500 (chat, non-thinking)",32,0.97499997026197061,97.499997026197065,97.5,0.94843750000000004,94.84375,94.8
Math,rlmath,amc_2023,teacher,"Teacher Qwen3-4B-Non-Thinking-RL-Math-Step500 (chat, non-thinking)",64,0.97499999999997988,97.499999999997982,97.5,0.94687500000000002,94.6875,94.7
Math,rlmath,amc_2023,teacher,"Teacher Qwen3-4B-Non-Thinking-RL-Math-Step500 (chat, non-thinking)",128,0.97499999999999998,97.5,97.5,0.94550781250000004,94.55078125,94.6
Math,rlmath,amc_2023,teacher,"Teacher Qwen3-4B-Non-Thinking-RL-Math-Step500 (chat, non-thinking)",256,0.97499999999999998,97.5,97.5,0.94677734375,94.677734375,94.7
Math,rlmath,amc_2023,teacher,"Teacher Qwen3-4B-Non-Thinking-RL-Math-Step500 (chat, non-thinking)",512,0.97499999999999998,97.5,97.5,0.94770507812500004,94.7705078125,94.8
Math,rlmath,amc_2023,teacher,"Teacher Qwen3-4B-Non-Thinking-RL-Math-Step500 (chat, non-thinking)",1024,0.97499999999999998,97.5,97.5,0.94743652343749996,94.74365234375,94.7
Math,skywork,aime_2024,base,DeepSeek-R1-Distill-Qwen-1.5B,1,0.29931640625,29.931640625,29.9,0.20000000000000001,20,20.0
Math,skywork,aime_2024,base,DeepSeek-R1-Distill-Qwen-1.5B,2,0.40751644468882375,40.751644468882375,40.8,0.20000000000000001,20,20.0
Math,skywork,aime_2024,base,DeepSeek-R1-Distill-Qwen-1.5B,4,0.51741945573211989,51.741945573211993,51.7,0.22500000000000001,22.5,22.5
Math,skywork,aime_2024,base,DeepSeek-R1-Distill-Qwen-1.5B,8,0.61815738201423664,61.815738201423663,61.8,0.25,25,25.0
Math,skywork,aime_2024,base,DeepSeek-R1-Distill-Qwen-1.5B,16,0.70011584264580839,70.011584264580833,70.0,0.27708333333333335,27.708333333333336,27.7
Math,skywork,aime_2024,base,DeepSeek-R1-Distill-Qwen-1.5B,32,0.76049502128577262,76.049502128577259,76.0,0.29062500000000002,29.062500000000004,29.1
Math,skywork,aime_2024,base,DeepSeek-R1-Distill-Qwen-1.5B,64,0.79970713446008412,79.970713446008418,80.0,0.29427083333333331,29.427083333333332,29.4
Math,skywork,aime_2024,base,DeepSeek-R1-Distill-Qwen-1.5B,128,0.82063383334346973,82.06338333434698,82.1,0.29765625000000001,29.765625,29.8
Math,skywork,aime_2024,base,DeepSeek-R1-Distill-Qwen-1.5B,256,0.83739108070506996,83.739108070507001,83.7,0.30130208333333336,30.130208333333336,30.1
Math,skywork,aime_2024,base,DeepSeek-R1-Distill-Qwen-1.5B,512,0.85627035894558745,85.627035894558745,85.6,0.29661458333333335,29.661458333333336,29.7
Math,skywork,aime_2024,base,DeepSeek-R1-Distill-Qwen-1.5B,1024,0.8666666666666667,86.666666666666671,86.7,0.29931640625,29.931640625,29.9
Math,skywork,aime_2024,opd,DeepSeek-R1-Distill-Qwen-1.5B_Skywork-OR1-Math-7B-step_260,1,0.36357421875000001,36.357421875,36.4,0.29999999999999999,30,30.0
Math,skywork,aime_2024,opd,DeepSeek-R1-Distill-Qwen-1.5B_Skywork-OR1-Math-7B-step_260,2,0.47236522228331707,47.236522228331708,47.2,0.31666666666666665,31.666666666666664,31.7
Math,skywork,aime_2024,opd,DeepSeek-R1-Distill-Qwen-1.5B_Skywork-OR1-Math-7B-step_260,4,0.57895116958825577,57.895116958825575,57.9,0.34166666666666667,34.166666666666664,34.2
Math,skywork,aime_2024,opd,DeepSeek-R1-Distill-Qwen-1.5B_Skywork-OR1-Math-7B-step_260,8,0.66561301913179605,66.561301913179605,66.6,0.35833333333333334,35.833333333333336,35.8
Math,skywork,aime_2024,opd,DeepSeek-R1-Distill-Qwen-1.5B_Skywork-OR1-Math-7B-step_260,16,0.72302646197332932,72.302646197332933,72.3,0.35416666666666669,35.416666666666671,35.4
Math,skywork,aime_2024,opd,DeepSeek-R1-Distill-Qwen-1.5B_Skywork-OR1-Math-7B-step_260,32,0.75631484636994706,75.631484636994699,75.6,0.359375,35.9375,35.9
Math,skywork,aime_2024,opd,DeepSeek-R1-Distill-Qwen-1.5B_Skywork-OR1-Math-7B-step_260,64,0.77459129472046628,77.459129472046627,77.5,0.37447916666666664,37.447916666666664,37.4
Math,skywork,aime_2024,opd,DeepSeek-R1-Distill-Qwen-1.5B_Skywork-OR1-Math-7B-step_260,128,0.78848138410812563,78.848138410812567,78.8,0.37578125000000001,37.578125,37.6
Math,skywork,aime_2024,opd,DeepSeek-R1-Distill-Qwen-1.5B_Skywork-OR1-Math-7B-step_260,256,0.80613886412886493,80.613886412886487,80.6,0.36927083333333333,36.927083333333336,36.9
Math,skywork,aime_2024,opd,DeepSeek-R1-Distill-Qwen-1.5B_Skywork-OR1-Math-7B-step_260,512,0.83126221297890912,83.126221297890908,83.1,0.36438802083333333,36.438802083333336,36.4
Math,skywork,aime_2024,opd,DeepSeek-R1-Distill-Qwen-1.5B_Skywork-OR1-Math-7B-step_260,1024,0.8666666666666667,86.666666666666671,86.7,0.36357421875000001,36.357421875,36.4
Math,skywork,aime_2024,teacher,Skywork-OR1-Math-7B,1,0.6698893229166667,66.988932291666671,67.0,0.69999999999999996,70,70.0
Math,skywork,aime_2024,teacher,Skywork-OR1-Math-7B,2,0.75419390477354187,75.419390477354185,75.4,0.69999999999999996,70,70.0
Math,skywork,aime_2024,teacher,Skywork-OR1-Math-7B,4,0.8023999944750122,80.239999447501219,80.2,0.66666666666666663,66.666666666666657,66.7
Math,skywork,aime_2024,teacher,Skywork-OR1-Math-7B,8,0.82597371466030123,82.597371466030125,82.6,0.6791666666666667,67.916666666666671,67.9
Math,skywork,aime_2024,teacher,Skywork-OR1-Math-7B,16,0.84105699507846798,84.105699507846793,84.1,0.68125000000000002,68.125,68.1
Math,skywork,aime_2024,teacher,Skywork-OR1-Math-7B,32,0.85453417992728065,85.453417992728063,85.5,0.671875,67.1875,67.2
Math,skywork,aime_2024,teacher,Skywork-OR1-Math-7B,64,0.86729391889560226,86.729391889560219,86.7,0.67395833333333333,67.395833333333329,67.4
Math,skywork,aime_2024,teacher,Skywork-OR1-Math-7B,128,0.87917661747110154,87.917661747110159,87.9,0.67552083333333335,67.552083333333329,67.6
Math,skywork,aime_2024,teacher,Skywork-OR1-Math-7B,256,0.88944323661523073,88.944323661523072,88.9,0.67122395833333337,67.122395833333343,67.1
Math,skywork,aime_2024,teacher,Skywork-OR1-Math-7B,512,0.89792887813888123,89.792887813888129,89.8,0.6714192708333333,67.141927083333329,67.1
Math,skywork,aime_2024,teacher,Skywork-OR1-Math-7B,1024,0.90000000000000002,90,90.0,0.6698893229166667,66.988932291666671,67.0
Math,skywork,aime_2025,base,DeepSeek-R1-Distill-Qwen-1.5B,1,0.23404947916666666,23.404947916666664,23.4,0.23333333333333334,23.333333333333332,23.3
Math,skywork,aime_2025,base,DeepSeek-R1-Distill-Qwen-1.5B,2,0.29327244216357118,29.327244216357119,29.3,0.23333333333333334,23.333333333333332,23.3
Math,skywork,aime_2025,base,DeepSeek-R1-Distill-Qwen-1.5B,4,0.34588893952866789,34.58889395286679,34.6,0.23333333333333334,23.333333333333332,23.3
Math,skywork,aime_2025,base,DeepSeek-R1-Distill-Qwen-1.5B,8,0.40164841301134452,40.164841301134452,40.2,0.22500000000000001,22.5,22.5
Math,skywork,aime_2025,base,DeepSeek-R1-Distill-Qwen-1.5B,16,0.46227190483281255,46.227190483281255,46.2,0.22708333333333333,22.708333333333332,22.7
Math,skywork,aime_2025,base,DeepSeek-R1-Distill-Qwen-1.5B,32,0.52134064552774795,52.134064552774795,52.1,0.23541666666666666,23.541666666666668,23.5
Math,skywork,aime_2025,base,DeepSeek-R1-Distill-Qwen-1.5B,64,0.57989583544746948,57.989583544746949,58.0,0.23281250000000001,23.28125,23.3
Math,skywork,aime_2025,base,DeepSeek-R1-Distill-Qwen-1.5B,128,0.6410084346369268,64.100843463692684,64.1,0.23125000000000001,23.125,23.1
Math,skywork,aime_2025,base,DeepSeek-R1-Distill-Qwen-1.5B,256,0.69505049323937529,69.505049323937527,69.5,0.234375,23.4375,23.4
Math,skywork,aime_2025,base,DeepSeek-R1-Distill-Qwen-1.5B,512,0.73634703037963756,73.63470303796376,73.6,0.23502604166666666,23.502604166666664,23.5
Math,skywork,aime_2025,base,DeepSeek-R1-Distill-Qwen-1.5B,1024,0.76666666666666672,76.666666666666671,76.7,0.23404947916666666,23.404947916666664,23.4
Math,skywork,aime_2025,opd,DeepSeek-R1-Distill-Qwen-1.5B_Skywork-OR1-Math-7B-step_260,1,0.28460286458333334,28.460286458333332,28.5,0.29999999999999999,30,30.0
Math,skywork,aime_2025,opd,DeepSeek-R1-Distill-Qwen-1.5B_Skywork-OR1-Math-7B-step_260,2,0.33393957213261649,33.39395721326165,33.4,0.29999999999999999,30,30.0
Math,skywork,aime_2025,opd,DeepSeek-R1-Distill-Qwen-1.5B_Skywork-OR1-Math-7B-step_260,4,0.37709998809845391,37.709998809845388,37.7,0.29166666666666669,29.166666666666668,29.2
Math,skywork,aime_2025,opd,DeepSeek-R1-Distill-Qwen-1.5B_Skywork-OR1-Math-7B-step_260,8,0.41995816696781935,41.995816696781937,42.0,0.29583333333333334,29.583333333333332,29.6
Math,skywork,aime_2025,opd,DeepSeek-R1-Distill-Qwen-1.5B_Skywork-OR1-Math-7B-step_260,16,0.46388443281210801,46.388443281210797,46.4,0.29375000000000001,29.375,29.4
Math,skywork,aime_2025,opd,DeepSeek-R1-Distill-Qwen-1.5B_Skywork-OR1-Math-7B-step_260,32,0.5075484213250715,50.75484213250715,50.8,0.29062500000000002,29.062500000000004,29.1
Math,skywork,aime_2025,opd,DeepSeek-R1-Distill-Qwen-1.5B_Skywork-OR1-Math-7B-step_260,64,0.55144114273600608,55.144114273600607,55.1,0.29375000000000001,29.375,29.4
Math,skywork,aime_2025,opd,DeepSeek-R1-Distill-Qwen-1.5B_Skywork-OR1-Math-7B-step_260,128,0.60045848061295026,60.045848061295025,60.0,0.28697916666666667,28.697916666666668,28.7
Math,skywork,aime_2025,opd,DeepSeek-R1-Distill-Qwen-1.5B_Skywork-OR1-Math-7B-step_260,256,0.64695154460187132,64.695154460187126,64.7,0.28489583333333335,28.489583333333336,28.5
Math,skywork,aime_2025,opd,DeepSeek-R1-Distill-Qwen-1.5B_Skywork-OR1-Math-7B-step_260,512,0.67892083710783724,67.892083710783723,67.9,0.28541666666666665,28.541666666666664,28.5
Math,skywork,aime_2025,opd,DeepSeek-R1-Distill-Qwen-1.5B_Skywork-OR1-Math-7B-step_260,1024,0.69999999999999996,70,70.0,0.28460286458333334,28.460286458333332,28.5
Math,skywork,aime_2025,teacher,Skywork-OR1-Math-7B,1,0.51354166666666667,51.354166666666664,51.4,0.53333333333333333,53.333333333333336,53.3
Math,skywork,aime_2025,teacher,Skywork-OR1-Math-7B,2,0.59140141332681662,59.140141332681665,59.1,0.55000000000000004,55.000000000000007,55.0
Math,skywork,aime_2025,teacher,Skywork-OR1-Math-7B,4,0.64947068314961487,64.947068314961484,64.9,0.55000000000000004,55.000000000000007,55.0
Math,skywork,aime_2025,teacher,Skywork-OR1-Math-7B,8,0.69692931996496621,69.692931996496625,69.7,0.52916666666666667,52.916666666666664,52.9
Math,skywork,aime_2025,teacher,Skywork-OR1-Math-7B,16,0.74030639188293945,74.030639188293947,74.0,0.51458333333333328,51.458333333333329,51.5
Math,skywork,aime_2025,teacher,Skywork-OR1-Math-7B,32,0.77882357841801941,77.882357841801948,77.9,0.50624999999999998,50.625,50.6
Math,skywork,aime_2025,teacher,Skywork-OR1-Math-7B,64,0.81266518999532056,81.266518999532053,81.3,0.50312500000000004,50.312500000000007,50.3
Math,skywork,aime_2025,teacher,Skywork-OR1-Math-7B,128,0.84691143502363586,84.691143502363587,84.7,0.51249999999999996,51.249999999999993,51.2
Math,skywork,aime_2025,teacher,Skywork-OR1-Math-7B,256,0.88154880228438581,88.154880228438586,88.2,0.51041666666666663,51.041666666666664,51.0
Math,skywork,aime_2025,teacher,Skywork-OR1-Math-7B,512,0.91122470602204264,91.12247060220426,91.1,0.5126953125,51.26953125,51.3
Math,skywork,aime_2025,teacher,Skywork-OR1-Math-7B,1024,0.93333333333333335,93.333333333333329,93.3,0.51354166666666667,51.354166666666664,51.4
Math,skywork,aime_2026,base,DeepSeek-R1-Distill-Qwen-1.5B,1,0.2060546875,20.60546875,20.6,0.20000000000000001,20,20.0
Math,skywork,aime_2026,base,DeepSeek-R1-Distill-Qwen-1.5B,2,0.28579367261322908,28.579367261322908,28.6,0.23333333333333334,23.333333333333332,23.3
Math,skywork,aime_2026,base,DeepSeek-R1-Distill-Qwen-1.5B,4,0.36911698921255881,36.911698921255883,36.9,0.21666666666666667,21.666666666666668,21.7
Math,skywork,aime_2026,base,DeepSeek-R1-Distill-Qwen-1.5B,8,0.44958398759937707,44.958398759937708,45.0,0.20000000000000001,20,20.0
Math,skywork,aime_2026,base,DeepSeek-R1-Distill-Qwen-1.5B,16,0.52873427721558908,52.873427721558905,52.9,0.19583333333333333,19.583333333333332,19.6
Math,skywork,aime_2026,base,DeepSeek-R1-Distill-Qwen-1.5B,32,0.60829373337927217,60.829373337927215,60.8,0.18645833333333334,18.645833333333332,18.6
Math,skywork,aime_2026,base,DeepSeek-R1-Distill-Qwen-1.5B,64,0.6821061565781863,68.210615657818636,68.2,0.20416666666666666,20.416666666666668,20.4
Math,skywork,aime_2026,base,DeepSeek-R1-Distill-Qwen-1.5B,128,0.74363392188778132,74.363392188778136,74.4,0.20755208333333333,20.755208333333332,20.8
Math,skywork,aime_2026,base,DeepSeek-R1-Distill-Qwen-1.5B,256,0.79172392247976375,79.172392247976376,79.2,0.203125,20.3125,20.3
Math,skywork,aime_2026,base,DeepSeek-R1-Distill-Qwen-1.5B,512,0.82865140658665459,82.865140658665453,82.9,0.20455729166666667,20.455729166666668,20.5
Math,skywork,aime_2026,base,DeepSeek-R1-Distill-Qwen-1.5B,1024,0.8666666666666667,86.666666666666671,86.7,0.2060546875,20.60546875,20.6
Math,skywork,aime_2026,opd,DeepSeek-R1-Distill-Qwen-1.5B_Skywork-OR1-Math-7B-step_260,1,0.25930989583333336,25.930989583333336,25.9,0.23333333333333334,23.333333333333332,23.3
Math,skywork,aime_2026,opd,DeepSeek-R1-Distill-Qwen-1.5B_Skywork-OR1-Math-7B-step_260,2,0.34459056288693385,34.459056288693382,34.5,0.21666666666666667,21.666666666666668,21.7
Math,skywork,aime_2026,opd,DeepSeek-R1-Distill-Qwen-1.5B_Skywork-OR1-Math-7B-step_260,4,0.42501478139127857,42.501478139127855,42.5,0.22500000000000001,22.5,22.5
Math,skywork,aime_2026,opd,DeepSeek-R1-Distill-Qwen-1.5B_Skywork-OR1-Math-7B-step_260,8,0.50396235603046047,50.396235603046044,50.4,0.23333333333333334,23.333333333333332,23.3
Math,skywork,aime_2026,opd,DeepSeek-R1-Distill-Qwen-1.5B_Skywork-OR1-Math-7B-step_260,16,0.58226494704536003,58.226494704536002,58.2,0.23749999999999999,23.75,23.8
Math,skywork,aime_2026,opd,DeepSeek-R1-Distill-Qwen-1.5B_Skywork-OR1-Math-7B-step_260,32,0.64255405622923556,64.255405622923561,64.3,0.24583333333333332,24.583333333333332,24.6
Math,skywork,aime_2026,opd,DeepSeek-R1-Distill-Qwen-1.5B_Skywork-OR1-Math-7B-step_260,64,0.68045333248353812,68.045333248353813,68.0,0.24895833333333334,24.895833333333332,24.9
Math,skywork,aime_2026,opd,DeepSeek-R1-Distill-Qwen-1.5B_Skywork-OR1-Math-7B-step_260,128,0.71375409609674367,71.375409609674364,71.4,0.25651041666666669,25.651041666666668,25.7
Math,skywork,aime_2026,opd,DeepSeek-R1-Distill-Qwen-1.5B_Skywork-OR1-Math-7B-step_260,256,0.74779318642773884,74.779318642773887,74.8,0.26158854166666667,26.158854166666668,26.2
Math,skywork,aime_2026,opd,DeepSeek-R1-Distill-Qwen-1.5B_Skywork-OR1-Math-7B-step_260,512,0.77472366507069812,77.472366507069808,77.5,0.26158854166666667,26.158854166666668,26.2
Math,skywork,aime_2026,opd,DeepSeek-R1-Distill-Qwen-1.5B_Skywork-OR1-Math-7B-step_260,1024,0.80000000000000004,80,80.0,0.25930989583333336,25.930989583333336,25.9
Math,skywork,aime_2026,teacher,Skywork-OR1-Math-7B,1,0.6093424479166667,60.934244791666671,60.9,0.56666666666666665,56.666666666666664,56.7
Math,skywork,aime_2026,teacher,Skywork-OR1-Math-7B,2,0.68860511618198106,68.860511618198103,68.9,0.6166666666666667,61.666666666666671,61.7
Math,skywork,aime_2026,teacher,Skywork-OR1-Math-7B,4,0.74874394431144053,74.874394431144054,74.9,0.625,62.5,62.5
Math,skywork,aime_2026,teacher,Skywork-OR1-Math-7B,8,0.79185674147776242,79.18567414777624,79.2,0.60416666666666663,60.416666666666664,60.4
Math,skywork,aime_2026,teacher,Skywork-OR1-Math-7B,16,0.82147698005665204,82.147698005665205,82.1,0.60833333333333328,60.833333333333329,60.8
Math,skywork,aime_2026,teacher,Skywork-OR1-Math-7B,32,0.84473250134667632,84.473250134667637,84.5,0.61458333333333337,61.458333333333336,61.5
Math,skywork,aime_2026,teacher,Skywork-OR1-Math-7B,64,0.86626782501339894,86.626782501339889,86.6,0.61041666666666672,61.041666666666671,61.0
Math,skywork,aime_2026,teacher,Skywork-OR1-Math-7B,128,0.88538158576093851,88.538158576093849,88.5,0.60859375000000004,60.859375000000007,60.9
Math,skywork,aime_2026,teacher,Skywork-OR1-Math-7B,256,0.89737840527059642,89.737840527059646,89.7,0.60768229166666665,60.768229166666664,60.8
Math,skywork,aime_2026,teacher,Skywork-OR1-Math-7B,512,0.89996509326657137,89.996509326657133,90.0,0.609375,60.9375,60.9
Math,skywork,aime_2026,teacher,Skywork-OR1-Math-7B,1024,0.90000000000000002,90,90.0,0.6093424479166667,60.934244791666671,60.9
Math,skywork,amc_2023,base,DeepSeek-R1-Distill-Qwen-1.5B,1,0.72231445312499998,72.2314453125,72.2,0.80000000000000004,80,80.0
Math,skywork,amc_2023,base,DeepSeek-R1-Distill-Qwen-1.5B,2,0.82483108237108993,82.483108237108993,82.5,0.73750000000000004,73.75,73.8
Math,skywork,amc_2023,base,DeepSeek-R1-Distill-Qwen-1.5B,4,0.89771393470041616,89.771393470041616,89.8,0.69999999999999996,70,70.0
Math,skywork,amc_2023,base,DeepSeek-R1-Distill-Qwen-1.5B,8,0.93642317374673001,93.642317374672999,93.6,0.71562499999999996,71.5625,71.6
Math,skywork,amc_2023,base,DeepSeek-R1-Distill-Qwen-1.5B,16,0.95328193640143777,95.32819364014378,95.3,0.72812500000000002,72.8125,72.8
Math,skywork,amc_2023,base,DeepSeek-R1-Distill-Qwen-1.5B,32,0.96221824994193705,96.22182499419371,96.2,0.72109374999999998,72.109375,72.1
Math,skywork,amc_2023,base,DeepSeek-R1-Distill-Qwen-1.5B,64,0.97203481365499766,97.203481365499769,97.2,0.71796875000000004,71.796875,71.8
Math,skywork,amc_2023,base,DeepSeek-R1-Distill-Qwen-1.5B,128,0.98490798731570783,98.490798731570777,98.5,0.72304687499999998,72.3046875,72.3
Math,skywork,amc_2023,base,DeepSeek-R1-Distill-Qwen-1.5B,256,0.99613279755609907,99.613279755609909,99.6,0.7236328125,72.36328125,72.4
Math,skywork,amc_2023,base,DeepSeek-R1-Distill-Qwen-1.5B,512,0.99988164226865706,99.988164226865706,100.0,0.72324218750000002,72.32421875,72.3
Math,skywork,amc_2023,base,DeepSeek-R1-Distill-Qwen-1.5B,1024,1,100,100.0,0.72231445312499998,72.2314453125,72.2
Math,skywork,amc_2023,opd,DeepSeek-R1-Distill-Qwen-1.5B_Skywork-OR1-Math-7B-step_260,1,0.75961914062500002,75.9619140625,76.0,0.75,75,75.0
Math,skywork,amc_2023,opd,DeepSeek-R1-Distill-Qwen-1.5B_Skywork-OR1-Math-7B-step_260,2,0.85245796867363144,85.24579686736314,85.2,0.80000000000000004,80,80.0
Math,skywork,amc_2023,opd,DeepSeek-R1-Distill-Qwen-1.5B_Skywork-OR1-Math-7B-step_260,4,0.91577937138467858,91.57793713846786,91.6,0.77500000000000002,77.5,77.5
Math,skywork,amc_2023,opd,DeepSeek-R1-Distill-Qwen-1.5B_Skywork-OR1-Math-7B-step_260,8,0.94330620080595684,94.330620080595679,94.3,0.76875000000000004,76.875,76.9
Math,skywork,amc_2023,opd,DeepSeek-R1-Distill-Qwen-1.5B_Skywork-OR1-Math-7B-step_260,16,0.95140076543401297,95.140076543401292,95.1,0.75937500000000002,75.9375,75.9
Math,skywork,amc_2023,opd,DeepSeek-R1-Distill-Qwen-1.5B_Skywork-OR1-Math-7B-step_260,32,0.95432966726594337,95.432966726594344,95.4,0.77031249999999996,77.03125,77.0
Math,skywork,amc_2023,opd,DeepSeek-R1-Distill-Qwen-1.5B_Skywork-OR1-Math-7B-step_260,64,0.95804326834069375,95.804326834069371,95.8,0.76875000000000004,76.875,76.9
Math,skywork,amc_2023,opd,DeepSeek-R1-Distill-Qwen-1.5B_Skywork-OR1-Math-7B-step_260,128,0.96380366186914201,96.380366186914202,96.4,0.76347656249999996,76.34765625,76.3
Math,skywork,amc_2023,opd,DeepSeek-R1-Distill-Qwen-1.5B_Skywork-OR1-Math-7B-step_260,256,0.9705723007901359,97.057230079013593,97.1,0.76035156250000002,76.03515625,76.0
Math,skywork,amc_2023,opd,DeepSeek-R1-Distill-Qwen-1.5B_Skywork-OR1-Math-7B-step_260,512,0.97461508581530298,97.461508581530296,97.5,0.75961914062500002,75.9619140625,76.0
Math,skywork,amc_2023,opd,DeepSeek-R1-Distill-Qwen-1.5B_Skywork-OR1-Math-7B-step_260,1024,0.97499999999999998,97.5,97.5,0.75961914062500002,75.9619140625,76.0
Math,skywork,amc_2023,teacher,Skywork-OR1-Math-7B,1,0.93769531250000004,93.76953125,93.8,0.94999999999999996,95,95.0
Math,skywork,amc_2023,teacher,Skywork-OR1-Math-7B,2,0.9522872372922776,95.228723729227767,95.2,0.9375,93.75,93.8
Math,skywork,amc_2023,teacher,Skywork-OR1-Math-7B,4,0.95745827418719376,95.745827418719372,95.7,0.9375,93.75,93.8
Math,skywork,amc_2023,teacher,Skywork-OR1-Math-7B,8,0.96377741135281014,96.377741135281013,96.4,0.93125000000000002,93.125,93.1
Math,skywork,amc_2023,teacher,Skywork-OR1-Math-7B,16,0.97348333157378342,97.348333157378335,97.3,0.9375,93.75,93.8
Math,skywork,amc_2023,teacher,Skywork-OR1-Math-7B,32,0.98535581043493603,98.535581043493607,98.5,0.9375,93.75,93.8
Math,skywork,amc_2023,teacher,Skywork-OR1-Math-7B,64,0.99507400345429065,99.507400345429062,99.5,0.93710937500000002,93.7109375,93.7
Math,skywork,amc_2023,teacher,Skywork-OR1-Math-7B,128,0.99934059075814752,99.934059075814758,99.9,0.93808593750000002,93.80859375,93.8
Math,skywork,amc_2023,teacher,Skywork-OR1-Math-7B,256,0.99999058014942344,99.999058014942349,100.0,0.93837890624999998,93.837890625,93.8
Math,skywork,amc_2023,teacher,Skywork-OR1-Math-7B,512,0.99999999986899357,99.999999986899354,100.0,0.93891601562500004,93.8916015625,93.9
Math,skywork,amc_2023,teacher,Skywork-OR1-Math-7B,1024,1,100,100.0,0.93769531250000004,93.76953125,93.8
Fact,sesa,2wikimultihopqa,base,Base,1,0.030478515625000001,3.0478515625,3.0,0.014999999999999999,1.5,1.5
Fact,sesa,2wikimultihopqa,base,Base,2,0.043734525827834804,4.3734525827834805,4.4,0.02,2,2.0
Fact,sesa,2wikimultihopqa,base,Base,4,0.058562470843316644,5.8562470843316641,5.9,0.025000000000000001,2.5,2.5
Fact,sesa,2wikimultihopqa,base,Base,8,0.073409453425084412,7.3409453425084408,7.3,0.028750000000000001,2.875,2.9
Fact,sesa,2wikimultihopqa,base,Base,16,0.087182316705023924,8.7182316705023926,8.7,0.0309375,3.09375,3.1
Fact,sesa,2wikimultihopqa,base,Base,32,0.099994467014948227,9.9994467014948221,10.0,0.029062500000000002,2.90625,2.9
Fact,sesa,2wikimultihopqa,base,Base,64,0.11208378754479495,11.208378754479495,11.2,0.029062500000000002,2.90625,2.9
Fact,sesa,2wikimultihopqa,base,Base,128,0.12292616858564477,12.292616858564477,12.3,0.029765625,2.9765625,3.0
Fact,sesa,2wikimultihopqa,base,Base,256,0.133497370157143,13.3497370157143,13.3,0.029902343750000001,2.990234375,3.0
Fact,sesa,2wikimultihopqa,base,Base,512,0.14525997405144614,14.525997405144613,14.5,0.030341796875,3.0341796875,3.0
Fact,sesa,2wikimultihopqa,base,Base,1024,0.16,16,16.0,0.030478515625000001,3.0478515625,3.0
Fact,sesa,hotpotqa,base,Base,1,0.055546875000000002,5.5546875,5.6,0.065000000000000002,6.5,6.5
Fact,sesa,hotpotqa,base,Base,2,0.074891833531891494,7.4891833531891496,7.5,0.067500000000000004,6.75,6.8
Fact,sesa,hotpotqa,base,Base,4,0.096369150819295757,9.6369150819295761,9.6,0.059999999999999998,6,6.0
Fact,sesa,hotpotqa,base,Base,8,0.11815530030160235,11.815530030160234,11.8,0.056875000000000002,5.6875,5.7
Fact,sesa,hotpotqa,base,Base,16,0.13860999847011271,13.860999847011271,13.9,0.052812499999999998,5.28125,5.3
Fact,sesa,hotpotqa,base,Base,32,0.15841615869812573,15.841615869812573,15.8,0.053749999999999999,5.375,5.4
Fact,sesa,hotpotqa,base,Base,64,0.17804039562970769,17.804039562970768,17.8,0.054843749999999997,5.484375,5.5
Fact,sesa,hotpotqa,base,Base,128,0.19670196914545915,19.670196914545915,19.7,0.054843749999999997,5.484375,5.5
Fact,sesa,hotpotqa,base,Base,256,0.21506863902450479,21.50686390245048,21.5,0.054804687499999998,5.48046875,5.5
Fact,sesa,hotpotqa,base,Base,512,0.23373088167186654,23.373088167186655,23.4,0.055097656250000002,5.509765625,5.5
Fact,sesa,hotpotqa,base,Base,1024,0.25,25,25.0,0.055546875000000002,5.5546875,5.6
Fact,sesa,popqa,base,Base,1,0.082836914062500003,8.28369140625,8.3,0.095000000000000001,9.5,9.5
Fact,sesa,popqa,base,Base,2,0.098734344452590411,9.8734344452590417,9.9,0.095000000000000001,9.5,9.5
Fact,sesa,popqa,base,Base,4,0.11519242841710886,11.519242841710886,11.5,0.083750000000000005,8.375,8.4
Fact,sesa,popqa,base,Base,8,0.13268670352610068,13.268670352610068,13.3,0.083750000000000005,8.375,8.4
Fact,sesa,popqa,base,Base,16,0.1500816490494673,15.00816490494673,15.0,0.083125000000000004,8.3125,8.3
Fact,sesa,popqa,base,Base,32,0.16770185879727584,16.770185879727585,16.8,0.082656250000000001,8.265625,8.3
Fact,sesa,popqa,base,Base,64,0.18575462492399608,18.575462492399609,18.6,0.082812499999999997,8.28125,8.3
Fact,sesa,popqa,base,Base,128,0.20320594265100589,20.320594265100588,20.3,0.082617187499999994,8.26171875,8.3
Fact,sesa,popqa,base,Base,256,0.22057683380162121,22.057683380162121,22.1,0.082714843750000003,8.271484375,8.3
Fact,sesa,popqa,base,Base,512,0.23584851836937204,23.584851836937204,23.6,0.082763671875,8.2763671875,8.3
Fact,sesa,popqa,base,Base,1024,0.245,24.5,24.5,0.082836914062500003,8.28369140625,8.3
Fact,sesa,triviaqa,base,Base,1,0.21138183593750001,21.13818359375,21.1,0.20499999999999999,20.5,20.5
Fact,sesa,triviaqa,base,Base,2,0.24809871013563051,24.80987101356305,24.8,0.20749999999999999,20.75,20.8
Fact,sesa,triviaqa,base,Base,4,0.28182514690228311,28.182514690228309,28.2,0.20999999999999999,21,21.0
Fact,sesa,triviaqa,base,Base,8,0.31414984771146914,31.414984771146916,31.4,0.203125,20.3125,20.3
Fact,sesa,triviaqa,base,Base,16,0.34682106223987569,34.682106223987567,34.7,0.20656250000000001,20.65625,20.7
Fact,sesa,triviaqa,base,Base,32,0.380582763270578,38.058276327057797,38.1,0.2109375,21.09375,21.1
Fact,sesa,triviaqa,base,Base,64,0.41422933702305337,41.422933702305336,41.4,0.21078125,21.078125,21.1
Fact,sesa,triviaqa,base,Base,128,0.44484564437631025,44.484564437631022,44.5,0.21167968749999999,21.16796875,21.2
Fact,sesa,triviaqa,base,Base,256,0.47065227391649683,47.065227391649685,47.1,0.21076171874999999,21.076171875,21.1
Fact,sesa,triviaqa,base,Base,512,0.49206309847099616,49.206309847099618,49.2,0.211064453125,21.1064453125,21.1
Fact,sesa,triviaqa,base,Base,1024,0.51000000000000001,51,51.0,0.21138183593750001,21.13818359375,21.1
